User ID,tourism,entertainment,religion,food and drink
User 1,0.33879803866312364,1.0810514360051975,-1.1805909511060275,0.9663547784833499
User 2,1.2380142084333274,1.5530296813463043,-1.4919081215085424,1.2368323042473859
User 3,-0.3074242824837972,-0.8227895431929745,-0.9315372147840154,-0.3047141096732916
User 4,-0.4526810988775014,0.006587955892056393,0.1892045986650373,-0.3917687286898702
User 5,0.0015871716052266339,-0.39211598420235294,-0.8070103466230094,0.1728056215977446
User 6,-0.44809631149329104,-0.09184148673267117,2.679741961885156,-0.6554994637796926
User 7,-0.6643134855419717,-0.6330328821341459,1.3099464121140914,-0.8578848349295429
User 8,-0.5919326781664449,-0.32937328053420606,0.2514680327455403,-0.7223081793738347
User 9,0.1046604432735444,0.14953076458779224,-0.8070103466230094,0.20918011608341264
User 10,-0.27596354305726034,0.2829806093428691,0.9986292417115763,-0.990559485471372
User 11,1.0786186991872286,-0.2955428166730704,-0.5579566103009974,0.1902176516810196
User 12,-0.04008815959387564,0.8977703186339278,1.9325807529191201,-0.7315537164134174
User 13,0.4248022509791983,0.6221191248991482,-1.4296446874280395,0.9541391047551705
User 14,0.2500046027688695,1.4000514838331206,-0.18437600581797936,0.6496495675214006
User 15,0.9953054940787815,1.1803031094894685,-1.0560640829450214,0.7696371540118226
User 16,0.637726268128241,0.9839663671858139,-1.4919081215085424,0.41554653624303256
User 17,-0.8751721248454396,-0.2858394437857332,0.5627852031480554,0.12941180973899286
User 18,0.7721355912247754,0.6643927728710209,-1.1805909511060275,1.1647591006234308
User 19,0.3909699070780287,0.3535024652615331,0.0024142964235282834,-0.05279578966313875
User 20,0.4736026236570693,-0.07802813906437218,-0.9938006488645184,0.7742939883689728
User 21,0.0032103004919843414,-0.359895144052053,0.4382583349870493,-0.15139029706051624
User 22,-0.2342409600767068,-0.6920219207910566,1.3099464121140914,-0.7551730151729605
User 23,-0.7936727214810727,-0.6500488881587869,2.679741961885156,-0.6779034551939099
User 24,-0.783220329336093,-0.09386821193869262,0.7495755053895643,-0.6715599231682065
User 25,0.22034622862921008,0.10467682434107928,-1.0560640829450214,0.10012476430112666
User 26,-0.6644575968031754,1.8207007726658146,-0.8070103466230094,1.0395070261031956
User 27,0.221880492707268,0.5372049514845296,-1.3051178192670334,1.1671215836393647
User 28,-0.009028697559587563,-0.2828306288432512,-1.2428543851865304,0.23394659051356376
User 29,-1.2670305251454788,-0.40343154121445074,0.4382583349870493,-0.8013325686961563
User 30,1.1090164716490603,0.729691522039416,-1.0560640829450214,1.1888497897062011
User 31,0.46838948004501624,0.3623376506215555,-1.4296446874280395,0.6566007532197671
User 32,-0.1535755526331445,0.9066454863625634,-1.1805909511060275,1.003268794966963
User 33,0.6872021073085771,0.8738302433035234,-0.24663943989848236,0.15309924017325358
User 34,0.4347174592065824,-0.1812835898947455,-0.18437600581797936,-0.4246335644889961
User 35,0.03117002564127098,0.03956850470131131,0.6873120713090614,-0.7910079876606833
User 36,0.011368135330734575,-0.14788079522994346,0.4382583349870493,-0.07756226409329012
User 37,-0.7448133726734025,0.1814701153452314,0.3137314668260433,-0.29331048464192805
User 38,-0.16887325465194233,0.28209929370048165,1.2476829780335883,-0.12365368594176818
User 39,0.308619510057922,0.7184202147524729,-0.6824834784620034,1.0171030346889782
User 40,-0.16848538844959862,-0.45966813054332795,-1.1805909511060275,-0.37213047894009676
User 41,-0.29576178191135105,-0.9461551795359716,0.8118389394700674,-1.0707310504643017
User 42,-1.386713710492323,-0.25883744302916095,1.808053884758114,-0.7413387754509454
User 43,-0.10634901644741337,-0.5412537241966073,0.2514680327455403,-0.778928577281939
User 44,-0.0490351507926984,0.640050407570608,-0.43342974213999136,-0.3271862327622266
User 45,0.20930425027303948,0.2911665743678489,0.0024142964235282834,-0.27063396652884
User 46,0.05692249771465553,0.09165686735574226,1.808053884758114,-0.5106772711844016
User 47,0.03318288903376789,0.26545528597456375,1.3099464121140914,-0.4985978608056574
User 48,-0.004533397864976374,-0.10149717247710895,0.4382583349870493,-0.18256843519108876
User 49,-0.43490967102965417,0.683863149765505,-0.24663943989848236,-0.714817471677523
User 50,-0.05499806405403893,0.08292933092528314,-1.4296446874280395,0.9756003155229328
User 51,0.030518756406729186,-0.617927968631252,1.9325807529191201,-0.7252101843877139
User 52,-0.6506319951236252,0.7057705491232422,0.1892045986650373,0.5700856562011338
User 53,0.419391480605719,0.5115293310382919,0.6873120713090614,-0.3358922478038641
User 54,-0.04072194510604742,-0.5152928979593393,-0.7447469125425064,0.027443907004508668
User 55,-0.5181128226647866,-0.29564103035321887,1.9325807529191201,-0.32313705207773946
User 56,-0.6123781530721788,-0.24299995410127737,0.9986292417115763,-0.6415970923829597
User 57,0.4281056072355186,0.34642536484931896,-0.9938006488645184,0.9120968635911798
User 58,-0.1860608697673777,-0.1556670777638636,0.2514680327455403,-0.4028372267474415
User 59,0.8527075542620611,0.33409202662120063,-1.3051178192670334,0.9894345552449477
User 60,0.2784383178729199,0.1526360862678062,-0.8070103466230094,0.3297072245717798
User 61,1.0327567936003823,1.0176029876330892,-1.4296446874280395,1.3613404617455227
User 62,0.18884541059477952,-1.1287114027240257,-0.05984913765697472,-0.676148625850639
User 63,-0.6007806551780814,-0.030712674131901263,0.5005217690675523,-0.6507744977478247
User 64,-0.26241433993471414,-0.3094058374073099,0.7495755053895643,-0.6092717785817792
User 65,0.4476946601685802,-0.3666670592551857,0.6561803542688092,-0.5020393878174818
User 66,0.059798972951569475,-0.5901185720728254,0.2514680327455403,-0.15010685804047283
User 67,-0.6773757830833673,0.06345893049828688,1.683527016597108,0.6456003868369131
User 68,-0.2798352389308202,-0.6811660080566823,0.4382583349870493,-0.31395964671287435
User 69,-0.46506424221466636,-0.2451614144058035,0.2514680327455403,0.23090832215024937
User 70,-0.6672953483882116,-0.12661578843678267,-0.8070103466230094,-0.2799476352431405
User 71,0.058379121006055426,-0.9178929900027993,-1.0560640829450214,-0.15584273639351343
User 72,0.40588977313078906,0.3046487595773463,-1.4296446874280395,1.9867206539751643
User 73,-0.26801971071502695,0.6249646200144569,-0.6824834784620034,-0.6657559131404481
User 74,-0.10530741003201141,0.28434757004521194,2.0571076210801262,0.7113300584351648
User 75,0.5083439172917926,0.2536798057043172,-1.1805909511060275,0.3388846299366449
User 76,0.3155692867967957,1.2421930351788733,-1.4919081215085424,0.2944117740820024
User 77,-0.13472979163309823,0.11484697178954316,1.745790450677611,-0.18425513285964207
User 78,0.29483790800965864,0.9808750506246926,-1.0560640829450214,1.1722498083197421
User 79,-0.8717724489550891,-0.6274471888020566,0.8118389394700674,-0.5441497606561905
User 80,-0.45358324223012525,-0.9772349010116903,0.5627852031480554,-0.6340382530119305
User 81,0.5527271118629141,-0.41879282033179305,1.9325807529191201,-0.3722667422895319
User 82,-0.26159983976744466,0.20778722781971326,-0.8070103466230094,-0.182500303516371
User 83,-1.3589961578208338,0.3180346934972245,0.7495755053895643,1.6411371876236547
User 84,0.18267160602258334,-0.7775661650614634,-0.43342974213999136,-0.012303982818266085
User 85,0.8024166070628249,-0.43705071912508825,-0.6824834784620034,0.009560486598006165
User 86,-0.45442758369150693,-0.05068983148863699,1.683527016597108,-0.8348050581679449
User 87,-0.7034493142687758,-0.6830953730538636,-0.7447469125425064,0.8288244299600139
User 88,-1.0511569110580266,-0.894464792429984,0.9986292417115763,-0.7771056162639502
User 89,-0.3550079697096587,0.013516316086872834,-1.1805909511060275,1.4981379560463521
User 90,-0.29095161090931426,0.5190078444166945,-0.49569317622049436,0.03034591201838782
User 91,0.031073461259423396,-0.08450629023087981,1.434473280275096,-0.19053053321062793
User 92,-0.9071991146903443,-0.5347858617508225,-0.49569317622049436,-0.6363326043531466
User 93,0.6109380232158828,1.1422861670604016,-1.1805909511060275,0.9247839276425869
User 94,0.8527075542620611,0.33409202662120063,-1.3051178192670334,0.9894345552449477
User 95,0.7342525800561164,0.8601627964582722,-1.0560640829450214,0.9006251068850981
User 96,0.18062439718461573,-0.8950357785029287,0.4382583349870493,-0.5821428211356939
User 97,0.2806325551324794,0.8237303539616292,0.06467773050403129,0.8728884957663502
User 98,0.04646721522690757,-0.5434394548082374,-0.8070103466230094,-0.05799214601823427
User 99,0.35903067129128796,0.8929243780752553,-0.05984913765697472,1.046458211801562
User 100,0.2215676453148332,1.1778124491166704,0.9363658076310734,-0.6213511889605234
User 101,0.09694127620688599,-0.33986060885509034,0.06467773050403129,-0.4598608833040557
User 102,-0.4314969916633674,-0.24727407864820894,0.8118389394700674,-0.6796582845371809
User 103,0.685228616607863,0.5570316381487391,-1.1805909511060275,0.46177422144094593
User 104,-0.7860538767677598,-0.26554768950301355,0.1892045986650373,-0.6888356899020459
User 105,-0.36153620053881064,-0.368459958678734,2.0571076210801262,-0.491646675107291
User 106,-0.03582534240249582,0.5666065527496663,-1.0560640829450214,0.9102739025731911
User 107,0.6899366857169151,0.05284226688717242,-0.18437600581797936,-0.05731636067085359
User 108,-0.9540137256385626,-0.7578767974421954,1.9325807529191201,-0.5850448261495731
User 109,0.37342521526319733,-1.7193777374394559,1.1854195439530855,-0.6248608476470654
User 110,0.3705374758262482,1.2214304944263992,-0.05984913765697472,0.06321074781751367
User 111,0.3875802123274294,1.2266007932059189,0.5627852031480554,0.39604454984269444
User 112,-0.25719484638036255,-0.30446678046382664,0.1892045986650373,0.059632957456253854
User 113,-0.06287772242215658,0.39276300740187065,-0.8070103466230094,-0.09126024046586992
User 114,-0.11212228795712767,-0.09181721642556728,-0.9938006488645184,0.17563949493690614
User 115,0.40588977313078906,0.3046487595773463,-1.4296446874280395,1.9867206539751643
User 116,0.447620317811137,-0.25618406085258444,-1.4296446874280395,-0.39001389934659925
User 117,0.0419698739517433,0.5305712087976463,-1.2428543851865304,0.1099098233386546
User 118,-0.2331773724520207,0.08032732875726374,0.4382583349870493,-0.13458592064990418
User 119,-0.7371817922552424,0.1890225720966783,0.4382583349870493,-0.04813895530598865
User 120,-0.15600115147335206,-0.3482492780524618,1.1854195439530855,-0.12831052029891832
User 121,0.6552959419428629,0.40523880903529147,-0.9315372147840154,0.19932692537116709
User 122,0.15663021656440335,-0.508606068321282,-0.49569317622049436,-0.24984854110845836
User 123,0.2426430651511254,0.8095352937647681,-1.3051178192670334,-0.01932330019135009
User 124,0.9383981041714481,-0.7467488070318629,-1.3051178192670334,0.1146347893705223
User 125,-0.15363954982247624,0.18084431184598446,-0.18437600581797936,0.3354431029248203
User 126,-0.4151352614824525,-0.580318715980468,0.06467773050403129,-0.6519216734184329
User 127,-0.6459559935393946,-0.5461702177756036,0.5627852031480554,-0.7385049021117838
User 128,0.00678904098351184,0.08528892553272238,-0.7447469125425064,0.23225989284501053
User 129,-0.020199850347292193,-0.15832131341174835,1.683527016597108,-0.3411567358336772
User 130,-0.5319006134850335,-0.3441261751564275,-0.05984913765697472,-0.6121737835956582
User 131,-0.40034703377131037,-0.6452454433176283,0.2514680327455403,0.19176808600013773
User 132,0.6360847113813133,0.4012818653607804,-0.8070103466230094,0.040130971055915614
User 133,0.14902783723322094,0.7966832264760823,0.4382583349870493,0.4859330421984345
User 134,0.39638439159843725,-0.06518463002128135,-0.9315372147840154,0.4905898765555845
User 135,-0.7921250284618031,0.7371745817547847,1.683527016597108,-0.8873081437168444
User 136,0.5801173485490244,0.12827803243839608,-0.8070103466230094,-0.0411196379329046
User 137,0.6209925403194726,0.4218003151425705,-0.8070103466230094,0.5234547123547104
User 138,0.07724604445911812,-0.12555117354917114,0.2514680327455403,0.40576147720550465
User 139,-0.01976513762298302,-0.2009278543175512,0.8118389394700674,-0.46397819566326065
User 140,-0.14048260387414935,0.12743582216080176,1.2476829780335883,-0.42821135485025563
User 141,-0.10031792352736395,-0.22235189004883218,1.683527016597108,-0.8936516757425479
User 142,-0.2923324754503045,-0.39096173741269924,0.5005217690675523,-0.6519216734184329
User 143,-0.3620608666817574,-0.06663866221174186,0.9363658076310734,-0.45702700996489426
User 144,-0.6874077441401744,0.22949646934202508,-0.5579566103009974,-0.5746521134393823
User 145,0.11138247321781244,0.2707463382662073,0.6873120713090614,-0.4194372081339007
User 146,-0.04008815959387564,0.8977703186339278,1.9325807529191201,-0.7315537164134174
User 147,0.49075864572378036,-1.046240202539306,-1.0560640829450214,-0.38367036732089566
User 148,1.0047720070620574,0.2667814108369852,-0.5579566103009974,0.8591223877190527
User 149,0.24124147365612664,0.26860571085104007,0.4382583349870493,0.02919873634777969
User 150,0.26153296401522375,0.2786019943036942,-0.8070103466230094,0.16065807954428293
User 151,0.47444409215451155,-0.2545484598920282,0.9363658076310734,-0.2569359901562601
User 152,-0.19772686857709396,-0.2155234504767807,0.5627852031480554,-0.497314421785614
User 153,-0.5345290107719786,-0.28560649500708,-0.43342974213999136,-0.4961672461150059
User 154,-0.5692152549447498,-0.4007330558414111,-0.05984913765697472,-0.43617345286979503
User 155,-0.2947673922856128,-0.19172496154785898,-0.5579566103009974,-0.7938418609998446
User 156,-0.06512389753294627,0.42008135909206706,1.9325807529191201,-0.30255602168151075
User 157,0.5562796637177267,-0.09229257276480013,0.1892045986650373,-0.4979220754582769
User 158,-0.1652814656063785,0.08081666668287742,1.994844186999623,-0.48935232376607485
User 159,0.8544277322216722,0.7042408666171206,-1.4296446874280395,0.4980124525771785
User 160,-0.7936821397518525,0.022169932676799564,1.745790450677611,-0.46519350300858636
User 161,-0.5106358457414769,-0.04516236946808309,0.3137314668260433,0.20560232572215298
User 162,-1.0881073398049128,0.18293983606468922,1.745790450677611,-0.6098794322544421
User 163,-0.06287772242215658,0.39276300740187065,-0.8070103466230094,-0.09126024046586992
User 164,-0.4445403970405664,0.08843164563491286,0.5627852031480554,-0.1646168831098686
User 165,-0.3431241424688819,-0.6867282845529759,0.2514680327455403,-0.49232246045467154
User 166,-0.2638504209222506,-0.2577145968300143,-0.18437600581797936,-0.5677009277410159
User 167,0.09590997871425276,0.17781466401414367,-1.3051178192670334,0.9230290982993157
User 168,-0.15127940474258486,0.26293751590031195,-0.8070103466230094,-0.24593562377340644
User 169,0.2865847330383674,1.179857167817701,-1.4296446874280395,1.10584435137411
User 170,-0.2524631198491101,0.2978177360588579,0.1892045986650373,0.17273748992302712
User 171,0.621201007898273,0.10555899345477508,0.0024142964235282834,-0.5180998472059957
User 172,0.4031492690444999,-1.2220870327248157,-0.9938006488645184,-0.451222999937136
User 173,-0.8375961912364019,-0.265402665683786,-0.05984913765697472,-0.34385434582340324
User 174,-0.3399055275964032,-0.35817076466076286,1.496736714355599,-0.5792408161218148
User 175,0.018340806071467926,-0.2797861224212091,1.434473280275096,0.09270218827953272
User 176,-0.1269888068341345,-0.3344627846377037,-0.5579566103009974,0.44760485474513856
User 177,0.4397644312456558,-0.4062413683827111,1.434473280275096,-0.3670703859344366
User 178,-0.05665690078259526,-0.07846695045273684,0.4382583349870493,-0.2719174055488835
User 179,-0.1789968041091652,-0.4898422660695558,0.5627852031480554,-0.6150076569348198
User 180,-0.2472918300794153,-0.24394978977592288,0.2514680327455403,-0.4961672461150059
User 181,-0.20862993120970225,0.271199131240953,0.3137314668260433,-0.5267377305729155
User 182,0.4677524433500674,0.021634638083414887,-0.30890287397898536,-0.033157539913365314
User 183,0.23640327321226257,0.28877128828084947,-0.9938006488645184,0.39658407184063954
User 184,-0.24517646668860266,-0.1491149832243112,1.559000148436102,0.20843619906131444
User 185,1.161477865395845,0.9691840814286392,-0.8070103466230094,0.9922684285841094
User 186,0.06434762689036634,-0.007186262878937792,-0.49569317622049436,-0.5977318902009803
User 187,0.03404525896331524,-0.5949351450290564,-0.24663943989848236,-0.5832899968063021
User 188,0.2457998287089343,-0.5167469301497997,0.8118389394700674,-0.47308746935340795
User 189,0.5594392427352224,-0.028661678618776203,-1.0560640829450214,0.3394922836093077
User 190,-0.6635297221351648,-1.1419329078975091,0.7495755053895643,-0.8907496707286688
User 191,-0.5178676902551633,0.2569084648428916,-1.4919081215085424,0.9974647849392045
User 192,0.17192359298096488,0.5223095934570052,-0.43342974213999136,0.7662637586747159
User 193,-0.09107827814542638,-0.6241680031262332,2.243897923321635,-0.5890940068340604
User 194,-0.47972170850331475,0.2486591006135029,1.994844186999623,-0.8296087018128496
User 195,-0.2682822810245379,-0.3124206501814618,0.1892045986650373,-0.7655657278831514
User 196,-0.348220664415858,-0.7271950515149196,0.5005217690675523,-0.847492122219352
User 197,-0.6850036869392072,-0.287513296639774,0.7495755053895643,-0.14626207238013855
User 198,0.8593338322985049,-0.02584841403277073,-0.9315372147840154,0.39125145213610896
User 199,-0.2628730715161532,0.07948426500836107,1.434473280275096,-0.4126904174596871
User 200,0.05079129316468989,0.34691467924242086,-1.2428543851865304,1.7456038367235083
User 201,1.1798263266358318,0.7798271028608701,-0.05984913765697472,1.0995689510231241
User 202,0.10394725638729914,0.023639653396257305,0.5005217690675523,-0.3704437812715432
User 203,0.15179816767980683,0.3502998069051908,-1.4296446874280395,1.1277769524650998
User 204,-0.06452792778014937,-0.2685182525520107,0.06467773050403129,-0.7580750201868396
User 205,-0.10895619104534164,-0.9138378326481398,-0.30890287397898536,-0.32381283742511996
User 206,-0.8628489981188776,0.019592200815884014,-0.05984913765697472,-0.8336578824973369
User 207,-0.18974633909139388,-0.2519550395021154,-0.5579566103009974,-0.99170666114198
User 208,-0.2514768089827567,-0.39127891828512,0.4382583349870493,-0.5486703316639053
User 209,-0.9214044548020448,-0.41855214324634193,-0.6824834784620034,0.3480620353015098
User 210,-0.2106147651603716,-0.67882210197824,1.434473280275096,-0.5978681535504157
User 211,-0.3304528752589771,-0.050884528373805415,1.559000148436102,-0.19181397223067134
User 212,0.34773808256969313,0.33354101996630675,0.06467773050403129,0.24359538620165655
User 213,-0.32433917791122246,0.25635572771286935,0.5627852031480554,-0.4166033347947391
User 214,-0.7632352321330211,-0.5596264022028684,-0.6824834784620034,-0.7632713765419351
User 215,-0.8912941937908461,-0.5358636047535067,2.0571076210801262,-0.8319030531540659
User 216,0.6678945571129973,0.34227199381451096,-0.8070103466230094,0.33422779557949467
User 217,-0.7759512049760566,-0.5552974602296347,0.7495755053895643,-1.015933613574186
User 218,-0.4512863481597041,-0.49676206801877787,-1.5541715555890454,-0.47315560102812565
User 219,0.8490326408724445,-0.5994579304161506,-1.3051178192670334,0.00665848158412688
User 220,0.2815174082456815,-0.06439894411260601,0.1892045986650373,0.5100918629559227
User 221,0.4113671883711656,-0.4680271060928091,0.2514680327455403,-0.37388530828336775
User 222,-0.5004590374156642,-0.3801363717975234,1.3099464121140914,0.0706333238391075
User 223,0.3080240550449624,1.3163843475475174,-1.2428543851865304,0.821532585888059
User 224,-0.5087059282393765,-0.36411103728744915,0.7495755053895643,-0.6657559131404481
User 225,0.6090127525729188,0.3325172409186165,-1.1805909511060275,0.7962265894599624
User 226,-0.38711706782218946,0.018233821891647312,1.683527016597108,-0.7978910416843319
User 227,-0.1356656875562403,-0.05176757449132111,-1.0560640829450214,1.7594380764455233
User 228,-0.08903446815070266,-0.2392819570370893,0.06467773050403129,0.019885067633479164
User 229,-0.2572121816978966,0.6728499385681389,1.559000148436102,-0.20780629994446767
User 230,0.43763080740432747,-0.19280097407541466,-1.3051178192670334,0.6445213428410229
User 231,0.16287589468386435,-0.08694926346077884,0.0024142964235282834,-0.4182900324632925
User 232,1.167444082358377,0.10942715869855224,-1.1805909511060275,0.8815945108079877
User 233,-0.6038736829925299,-0.29185624373190083,0.6873120713090614,-0.717179954693457
User 234,-0.7755903159366548,-0.16823424177445512,-0.18437600581797936,-0.8169216377614426
User 235,0.7606358744357868,-0.9323903724818802,-2.0522790282330683,-0.820363164773267
User 236,-0.2682822810245379,-0.3124206501814618,0.1892045986650373,-0.7655657278831514
User 237,0.6680838926798666,-0.43556644232836633,1.0608926757920794,0.41736949726102135
User 238,0.1383657907921489,-0.11402608459421569,0.5005217690675523,-0.15003872636575522
User 239,0.19394205792330918,-0.7377937216310247,-0.30890287397898536,0.19649305203200554
User 240,-0.14600642116636284,-1.3445113916387619,2.492951659643647,-1.2126512380457135
User 241,0.15179816767980683,0.3502998069051908,-1.4296446874280395,1.1277769524650998
User 242,0.9880902488748271,1.1298554686234434,-1.4919081215085424,0.48708021786904254
User 243,-0.6181697866473657,1.2763626687860334,-0.6824834784620034,0.16760926524264938
User 244,-0.721704339010742,1.193810673925291,0.9986292417115763,-0.21482561731755168
User 245,-0.8790938491214195,0.5687819946405733,0.6873120713090614,-1.0442097466908793
User 246,-0.2584490414927351,-0.06510983317692866,0.2514680327455403,-0.22231632501386334
User 247,-0.2756628892172733,-0.8332386196203742,0.0024142964235282834,-0.6328910773413222
User 248,1.049836082772903,0.930028580738916,-1.0560640829450214,4.6065423117156
User 249,-0.25423970970988624,-1.025721752757516,1.0608926757920794,-0.5799166014691953
User 250,-0.2682822810245379,-0.3124206501814618,0.1892045986650373,-0.7655657278831514
User 251,-0.010633298310484419,-0.33005816881629646,-0.43342974213999136,0.4023199501936804
User 252,-0.17848783206261223,-0.42493037379008447,0.4382583349870493,-0.7327008920840254
User 253,-0.525467709055569,-0.01699154231208137,-1.2428543851865304,0.38895710079489265
User 254,-0.25377354581557154,0.4148345565255773,-1.2428543851865304,0.9750607935249872
User 255,-0.9933278126890205,0.8656659646392103,-0.05984913765697472,-0.43799641388778365
User 256,-0.17863983646564696,0.9259865514993294,1.496736714355599,-0.2043647729326431
User 257,-0.213474938492123,-0.7812675965928341,1.745790450677611,-0.7136702960069148
User 258,0.11243187731371644,0.08855239914703666,-1.2428543851865304,1.4415856898129662
User 259,0.5272646696891987,-0.8892162593883662,-0.24663943989848236,-0.04523695029210947
User 260,-0.31142579572777346,-0.003460561040463143,-1.1805909511060275,0.7201723368262377
User 261,0.26092672953609675,-0.2154095247351228,-0.5579566103009974,0.03149308768899595
User 262,1.2417268166329163,0.5329082635731104,-0.24663943989848236,0.22301435580542783
User 263,0.6170826567070717,-0.4885838077680839,-0.05984913765697472,-0.46330241031588004
User 264,0.7878081533765733,1.3780390430247695,-0.05984913765697472,0.42074289259812797
User 265,-0.1566903195024691,-0.5966837947274503,2.181634489241132,-0.5573763467055428
User 266,0.5942746699512957,0.22191261200007126,-1.0560640829450214,0.30372544279630276
User 267,1.0250081104292086,0.6755955601257061,-1.3051178192670334,0.7580972656310235
User 268,0.30236967688162375,0.8378714266709846,-0.24663943989848236,0.20222893038504605
User 269,-0.7692559900570299,0.25599429711529426,-0.05984913765697472,-0.6507744977478247
User 270,0.4368737574078163,0.13855409834129429,-1.0560640829450214,0.07529015819625773
User 271,0.13520622060742288,-0.3976634256409574,1.434473280275096,-0.6600200347874075
User 272,-0.27894264108062367,-0.1386527786818391,-0.05984913765697472,0.10012476430112666
User 273,0.28257831014998197,-0.3361723054387924,-1.0560640829450214,0.7674109343453239
User 274,1.0204012627332124,0.7436204788594774,-0.7447469125425064,1.2206355815094365
User 275,-0.01713531770371013,0.2447332785490736,-0.24663943989848236,4.452678977104879
User 276,-0.8349713300580696,-0.75463415671724,2.243897923321635,-0.7759584405933422
User 277,-0.14218537628937838,0.3917443727145417,-1.1805909511060275,0.28233236370325826
User 278,0.7093337787996721,0.21209104601453518,0.06467773050403129,-0.4777443037105582
User 279,-0.8098624748925163,-0.8370054362791949,-0.05984913765697472,-0.6478724927339456
User 280,0.32018729434613613,-1.1185872119433329,-0.43342974213999136,-0.6328910773413222
User 281,-0.020942295824755975,-0.23463754113405103,0.9363658076310734,0.3826817004439067
User 282,0.46632613101451603,-0.17339053543508234,0.06467773050403129,-0.04004059393701405
User 283,-0.07178132900523103,0.8612039945100886,-0.43342974213999136,0.8429256649811036
User 284,0.2576485195856049,-0.1687461195320441,-0.49569317622049436,0.4479399817189309
User 285,-0.4140353800390124,-0.09365095168903682,0.5005217690675523,-0.3369712917997546
User 286,-0.8759859318620776,-0.11078429734056872,0.2514680327455403,-0.5717501084255032
User 287,0.4647877713492223,-0.2187852171484783,-1.1805909511060275,2.79660832834795
User 288,-0.5576666138079233,1.8247927539517674,0.0024142964235282834,0.08575100258116622
User 289,0.04503386013776275,-0.7651511786860143,2.5552150937241502,-0.14443911136214982
User 290,-0.1618360508088521,-0.5706396134002347,1.559000148436102,-0.4887446700934119
User 291,0.8634696593466813,0.31214040107082125,-0.8070103466230094,0.8613486073855514
User 292,-0.6412015024062786,-0.5606501812505589,1.0608926757920794,-0.6398422630396887
User 293,-0.19733882655737484,-0.4285258868670205,0.5005217690675523,-0.8365598875112161
User 294,0.1130012614301898,-0.2742620978184002,-0.43342974213999136,-0.21131595863100958
User 295,-1.2670305251454788,-0.40343154121445074,0.4382583349870493,-0.8013325686961563
User 296,-0.6514828495792022,-0.5301431527904009,-0.7447469125425064,0.9101431706235517
User 297,-0.44663823163090743,-0.5150356788735824,0.0024142964235282834,-0.5180998472059957
User 298,-0.517511609245203,-0.2888091533634221,-0.8070103466230094,0.4519210307287004
User 299,0.6785585007482171,-0.10216807917281856,-1.1805909511060275,0.0031488228975849464
User 300,0.20097719017988927,0.40832156735081804,-0.6824834784620034,-0.5146583201941713
User 301,-0.8780039435457667,-0.44229925216670624,0.9986292417115763,-0.5077071344958048
User 302,-0.32333580038008775,0.08383491687477411,-0.9315372147840154,0.9577168951164303
User 303,-0.3012954496040648,0.2856434267688602,-0.7447469125425064,0.9357842940254403
User 304,-0.37489755087707,-0.1344471741671656,0.2514680327455403,-0.690590519245317
User 305,0.15453124925339784,0.45236216102903065,-0.49569317622049436,0.5487607087828068
User 306,-0.5687612444248664,-0.22594740312576825,-0.43342974213999136,-0.37159095694215133
User 307,0.38120278675789077,-0.006671801174911877,0.4382583349870493,-0.26611339552112523
User 308,1.2402215680242812,1.7402957055648465,-0.9938006488645184,0.9836305452171896
User 309,0.437275203262873,-1.534937252450683,-0.6824834784620034,-0.11946824190784566
User 310,-0.2540430271720152,0.24538164541280774,-1.4919081215085424,0.9386862990393194
User 311,-0.6232116722572586,0.7082414855259027,-0.18437600581797936,-0.5792408161218148
User 312,-0.37879011424409037,-0.03601943848505462,0.7495755053895643,-0.7811547969484376
User 313,-0.4735330295583789,-0.18465840530428088,-0.5579566103009974,0.25635058192778115
User 314,0.45891741678512543,0.19150379722006192,-0.9315372147840154,0.036081790371428335
User 315,0.10946034946351602,0.5549789356929974,0.5627852031480554,-0.203217597262035
User 316,-0.08311340873173058,-0.03635745224683418,-0.49569317622049436,-0.1646168831098686
User 317,0.5981535406244468,0.61741304026683,-0.5579566103009974,0.5458587037689275
User 318,-0.39691828000719964,-0.51090572467457,0.06467773050403129,-0.737289594766458
User 319,-0.3019696490857862,0.28718081404926793,-1.0560640829450214,1.1098935320585974
User 320,-0.6414578927765755,-0.7784326456461618,1.9325807529191201,-1.0338170339806887
User 321,0.4345310793521186,-0.5322689451478789,0.2514680327455403,-0.726357360058322
User 322,-0.013044481214499104,0.29198880522739273,1.745790450677611,-0.33764707714713516
User 323,1.6555580450081522,0.004876704615839133,-0.24663943989848236,-0.5077071344958048
User 324,-0.7414821362617311,-0.7661983745695001,-0.30890287397898536,-0.8717190746515582
User 325,-0.40195073056241365,-0.28963908899725227,-0.9938006488645184,-0.1374879256637834
User 326,0.6582683074158225,-0.33348152484003935,-0.9938006488645184,0.4403811423479015
User 327,0.7020897384268625,1.580461081774338,-1.1805909511060275,0.8486615433341443
User 328,0.7597807972470707,0.2716205236251917,-1.2428543851865304,0.16760926524264938
User 329,0.11458949259962359,0.15897518791424395,-1.4919081215085424,0.0972227592872475
User 330,0.6195435212256373,-0.37496436607538697,-0.7447469125425064,0.16760926524264938
User 331,0.08508005536296873,1.1978347096698685,1.3099464121140914,-0.8348050581679449
User 332,-0.12738419419884375,-0.14983985387501483,-0.18437600581797936,0.4149388825703696
User 333,0.059798972951569475,-0.5901185720728254,0.2514680327455403,-0.15010685804047283
User 334,-0.056445226217477565,-0.7376815263644955,-0.8070103466230094,-0.17541285446856947
User 335,-1.0782809521897672,-0.020497423486975006,-1.1805909511060275,-0.3848175429915037
User 336,0.29829382751957734,-0.21939616205752396,-0.24663943989848236,0.5275038930391976
User 337,-0.3616625961810381,0.2703863356308238,0.0024142964235282834,0.274773524332229
User 338,-1.1095282167108478,-0.7592717213173,1.994844186999623,-0.40911262709842744
User 339,0.8059905221032218,0.024228058473327835,-0.6824834784620034,-0.35660954154952806
User 340,0.07367580209121612,-0.24654235669452754,0.1892045986650373,-0.19228536255389903
User 341,0.7349973860643688,0.7400771992624073,-1.0560640829450214,0.05221038143465989
User 342,0.8758022423011098,1.4483567668088504,-1.3051178192670334,0.7304969178617108
User 343,0.45765340141655003,0.30771495236005525,0.9986292417115763,0.09654697393986689
User 344,0.7101907685414226,0.6124765672697831,-1.1805909511060275,0.740213845224521
User 345,-0.24837900716325664,-1.0016426279070416,0.8118389394700674,-0.23149373037872834
User 346,-0.8869002688141979,-0.3844504787130684,0.6873120713090614,-0.8676698939670708
User 347,0.31919657743576585,0.9018717351692948,-0.43342974213999136,-0.2354747793884981
User 348,-0.27144687620149355,0.2204742918711203,-0.30890287397898536,-0.25288680947177294
User 349,0.6128908298197593,0.2241608883448015,-1.4919081215085424,1.1029423463602308
User 350,0.6652703109501921,0.062336084299139984,-1.2428543851865304,0.9905817309155558
User 351,-0.053065881396745083,-0.3088382652195984,0.5627852031480554,-0.22521833002774239
User 352,-0.17849114066389782,-0.4338412094657682,-0.05984913765697472,-0.6917376949159252
User 353,0.9830067202317272,0.12501541229539007,-0.7447469125425064,-0.23277716939877177
User 354,-0.4454562016560789,-0.5317553369151615,1.434473280275096,-0.2857516452708987
User 355,-0.7049022949365108,-0.43349975828624365,1.745790450677611,-0.5182361105554311
User 356,-0.8757972555071953,-0.729297427036602,0.8118389394700674,0.20870872576018512
User 357,-0.09369627737336865,-0.3213680308080134,-0.7447469125425064,0.41703437028722895
User 358,-0.7416637672170184,0.16615308595304332,0.9986292417115763,0.6698954709438371
User 359,0.9963662259800087,0.1223751582338859,-0.30890287397898536,-0.3946707337037493
User 360,-0.3973162337260195,-0.3688068331990449,1.0608926757920794,-0.23392434506937992
User 361,-0.8105034542091192,-0.17652012742220013,-0.30890287397898536,-0.47308746935340795
User 362,0.602804532423869,0.3216987266064189,-0.8070103466230094,0.17739432428017732
User 363,0.7342525800561164,0.8601627964582722,-1.0560640829450214,0.9006251068850981
User 364,-0.37313574001345007,-0.6410015869094702,1.496736714355599,-0.8319030531540659
User 365,0.5521173552416039,0.2128678711646791,0.2514680327455403,-0.06595424403777339
User 366,0.3017729437084753,0.5269382972985341,-0.9315372147840154,0.5234547123547104
User 367,0.3515242824718515,-0.05693157292623474,-1.0560640829450214,-0.05151235064309541
User 368,0.28582683658630437,-0.43451126269016943,-0.24663943989848236,-0.4540568732762973
User 369,0.024670980826953313,-0.39398368047025384,-0.30890287397898536,0.2880682420562989
User 370,0.0555888286518255,-0.7742036242956928,-0.9938006488645184,-0.5267377305729155
User 371,-0.17547731680788853,0.04049665401528981,1.434473280275096,-0.08167957645249502
User 372,-0.3000864748646602,0.8213490494610106,0.4382583349870493,0.654845923876496
User 373,0.5310527493209415,-0.28289315104383966,-0.43342974213999136,2.05002524228256
User 374,1.3283248365540299,-0.056491908066561826,-0.9315372147840154,0.7426444599151726
User 375,0.04956195453221683,0.23697498272042702,0.2514680327455403,-0.19053053321062793
User 376,0.7414443825797188,1.2174221707433306,-1.2428543851865304,1.1636119249528225
User 377,1.1237180317436395,0.14608572220338237,-0.8070103466230094,0.7800979983967311
User 378,-0.13423357831466348,0.6368537235134238,1.434473280275096,-0.42814322317553805
User 379,-0.2507937271432814,-0.7529229054410228,-0.49569317622049436,-0.44541898990937756
User 380,-0.28635616564612976,0.2345771126869909,-0.05984913765697472,-0.5117563151802921
User 381,-0.6204528161392289,-0.18753333861956625,1.2476829780335883,-0.8423638975389743
User 382,-0.5934622172502614,0.04513848597189133,1.3099464121140914,-1.100762012924266
User 383,0.13756594022203866,-0.2391863273033774,-0.30890287397898536,0.08129856324816898
User 384,-0.36341039309388906,0.7930877133991467,0.0024142964235282834,0.1495895814867116
User 385,-1.339678821307706,-0.859373309853452,1.2476829780335883,-1.1128414233030102
User 386,0.3872889281724955,0.4279378686008619,-1.1805909511060275,1.0090728049947213
User 387,0.3547454362859018,0.42044364316095034,-1.0560640829450214,0.14452948848105146
User 388,0.0946809087345324,-0.8366976671236769,-0.9315372147840154,-0.4027009633980062
User 389,-0.4454554996726655,-0.04266716275831876,0.5627852031480554,-0.3093028123557243
User 390,-0.5890273698035882,-0.579331481883646,0.5627852031480554,-0.33116728177199617
User 391,0.5451508497930027,0.6044930039042576,-0.43342974213999136,0.21255351142051931
User 392,-0.9242565833988129,-0.3252815782286784,1.3099464121140914,-0.7085420713265371
User 393,1.110334068482403,0.8147604099705902,-0.6824834784620034,0.36257206037090567
User 394,-0.2972269986162265,-0.8317985925488065,0.3137314668260433,-0.580387991792423
User 395,1.0754622932173952,-0.3633644567435668,1.683527016597108,-0.08970980614675186
User 396,0.42399463666724185,0.23879129897977072,-1.0560640829450214,0.31000084314728854
User 397,-0.17098546625400393,-0.31441796072001804,1.559000148436102,0.04930837642078062
User 398,0.40433210521111784,0.002699532249803497,-0.43342974213999136,-0.00832293380849633
User 399,-0.7405786759101783,-0.2959947561765078,0.5627852031480554,-0.8129405887516729
User 400,-0.08534579577305478,0.7352138161670965,-0.49569317622049436,0.019885067633479164
User 401,0.23660409151538567,-0.504377046970813,0.1892045986650373,-0.5654065763997996
User 402,0.41588149469614305,0.06902120699458057,-0.8070103466230094,0.5914787352941782
User 403,0.0933487388131125,-0.22095696617372731,0.4382583349870493,-0.08599575243605695
User 404,-1.195072341150178,-0.09729071449112714,0.7495755053895643,-0.6530688490890411
User 405,0.34598380794058137,1.0572903454984521,-0.24663943989848236,0.6560612312218218
User 406,0.2807321882678902,0.42913636511566994,-0.7447469125425064,0.43235091265364456
User 407,-0.3848995813652034,-0.02860000988949592,0.0024142964235282834,0.27767552934610806
User 408,0.6652703109501921,0.062336084299139984,-1.2428543851865304,0.9905817309155558
User 409,0.07417403351034105,2.1059443000056475,-0.9938006488645184,0.44031301067318385
User 410,0.9724516703085001,1.7211790309611388,-1.4296446874280395,1.0182502103595863
User 411,-0.24544680073995923,-0.07940908135309616,0.2514680327455403,-0.36423651259527506
User 412,0.4363234374259619,-0.08613418641714997,-0.8070103466230094,-0.4540568732762973
User 413,-0.12170058485683621,0.949644858456448,-1.4296446874280395,0.48708021786904254
User 414,-0.07573037583953064,1.0698435043901509,-0.9315372147840154,1.0155526003698603
User 415,0.28718258972751853,0.07627217140260407,-0.5579566103009974,-0.4315847501873623
User 416,0.4673735726323682,0.5734349923217178,-1.2428543851865304,1.2887277361236222
User 417,0.1321865380691097,0.14191663910706517,0.5627852031480554,-0.6537446344364215
User 418,-1.1490031970481882,-0.7464473382209516,2.181634489241132,-0.9876574804574928
User 419,-0.48529298123198694,-0.6892694714630232,1.2476829780335883,-0.6611672104580155
User 420,1.4800516962590478,0.45671108242031516,-1.1805909511060275,0.5177188340016697
User 421,0.30954867334492614,0.93396383805276,-1.2428543851865304,1.0959911606618644
User 422,-0.44904431534027367,0.20062418837111487,-0.18437600581797936,-0.362481683252004
User 423,-0.06403956571376018,0.17465535484662378,-1.0560640829450214,1.3319908160327352
User 424,0.006180792336392305,-0.12657753654329781,0.7495755053895643,-0.6917376949159252
User 425,0.23391788743711506,-0.38473568450409895,0.7495755053895643,-0.1531451264037873
User 426,0.6093949558825724,-1.026670734960853,-0.6824834784620034,-0.060621624333242696
User 427,0.5586159834234153,0.9307003409059337,-1.3051178192670334,0.21653456043028887
User 428,-0.5252484305796312,-0.037948803482235983,1.1854195439530855,-0.800793046698211
User 429,-0.8675706534067478,-0.6630888245621746,0.9986292417115763,-0.6698050938249354
User 430,0.030518756406729186,-0.617927968631252,1.9325807529191201,-0.7252101843877139
User 431,-0.06204879397828637,-0.10944246041663763,0.9986292417115763,0.8729566274410678
User 432,0.7865308884449778,0.23931888879886945,-0.18437600581797936,0.29454803743143787
User 433,-0.26671764190767877,0.6339596877839078,-1.1805909511060275,0.33422779557949467
User 434,1.090703287226876,1.1098332080702453,-1.4919081215085424,0.5395833034179418
User 435,0.5762635317713961,0.45927480916233776,-1.2428543851865304,0.044719673738348134
User 436,-0.16571113438619936,-0.28456529695526406,0.4382583349870493,-0.6611672104580155
User 437,-0.528413684968563,-0.406438649214316,1.994844186999623,-0.5694557570842869
User 438,-0.041826816635676514,-0.18812944847092292,-0.9315372147840154,2.260781501500256
User 439,0.08134193603226185,-0.22478801197575302,-0.43342974213999136,-0.5348360919418901
User 440,-0.4585716401248231,-0.9864629175597948,-0.8070103466230094,-0.3109895100242775
User 441,-0.5629496874940403,0.17989532964264734,0.5627852031480554,-0.182500303516371
User 442,-1.1623953279182986,-0.8382282031011069,1.683527016597108,-0.7234553550444429
User 443,-0.5036401744838439,-0.34206034458561313,0.06467773050403129,-0.7055719346379403
User 444,0.37560035661783,-0.16863307079420653,2.306161357402138,-0.4979220754582769
User 445,0.14729452154046624,-0.330510961791042,-0.24663943989848236,0.5096204726326952
User 446,-0.7128119753162105,-0.8766439745499252,0.8118389394700674,-0.982529255777115
User 447,-0.1024381095946886,0.7138434418778724,-1.0560640829450214,-0.04523695029210947
User 448,-0.20105880697217807,-0.25906953833650587,0.6873120713090614,-0.0995629968589975
User 449,0.07722802482373307,-0.13694238087692998,-0.49569317622049436,0.11044934533659984
User 450,0.3466443107957465,-0.6007155352463142,-0.9315372147840154,-0.2361505647358785
User 451,-0.6190256047439677,0.3460987487274838,0.6873120713090614,-0.6133209592662664
User 452,-0.7261439137583312,-0.36918482932943747,-0.8070103466230094,-0.10630978753321105
User 453,0.1286882221919687,0.1639205216698223,-0.43342974213999136,-0.1496354677172452
User 454,0.08926077135515482,0.4080886185721651,-0.7447469125425064,0.4864725641963795
User 455,-0.33715572178810693,-0.11607620310352078,0.5627852031480554,0.08399617323789513
User 456,0.19695223915565505,-0.2037551004899373,0.7495755053895643,-0.3279301497843249
User 457,-0.4282644968534434,-0.7981845354660185,-1.2428543851865304,-0.4869898407501409
User 458,-0.6150501859620625,-0.8392519821487968,-0.9315372147840154,-0.403308617070669
User 459,0.4669666044240513,0.28212185706496884,-1.2428543851865304,0.6214415660794249
User 460,-0.5399723973487719,-0.039199557009421494,0.0024142964235282834,-0.34972648752587937
User 461,0.5722447858779847,-0.39162579280543075,0.06467773050403129,-0.1299972179674717
User 462,-0.29576178191135105,-0.9461551795359716,0.8118389394700674,-1.0707310504643017
User 463,0.10695186386317598,-0.49560182339745457,0.0024142964235282834,-0.4771366500378953
User 464,0.25055583161061185,0.33542613523833364,0.7495755053895643,0.229829278154359
User 465,0.304330288372761,-0.4329738754097618,-1.1805909511060275,-0.04746316995860814
User 466,0.7007975791502782,0.20582646223202516,-0.5579566103009974,0.8498768506794698
User 467,-0.24985053714002947,-0.6033315190007144,1.559000148436102,-0.6399103947144064
User 468,0.4060009615788497,-0.07156371403633228,-0.18437600581797936,-0.24870136543785024
User 469,-0.2444120351017706,-0.4844295832619679,1.994844186999623,-0.3342055501353107
User 470,-0.4433462326435535,-0.510136604298712,1.3099464121140914,-0.5527195123483926
User 471,0.048608459963954506,0.16386999513257297,-0.6824834784620034,0.5181220926501795
User 472,-0.24874245021637287,-0.23287490984927647,1.0608926757920794,-0.6357930823552014
User 473,-1.0945606394726932,0.09718259890116772,1.3099464121140914,-0.6392346093670258
User 474,0.13103307746756546,-0.4961902284745248,-0.18437600581797936,0.04553172243516401
User 475,-0.6474363016655449,-0.15163275329856293,0.9986292417115763,0.15708028918302325
User 476,0.7130977805297442,0.39553716662308275,-0.9938006488645184,0.7674109343453239
User 477,-0.598215347187989,-0.20206468210307885,1.1854195439530855,0.3191782485121537
User 478,-0.9478420391560013,-0.45635782325742263,0.8118389394700674,-0.2869669526162245
User 479,0.34347549681833817,0.33729641545267136,-0.5579566103009974,1.567979408604013
User 480,0.9566639325180603,-0.3073000244678825,0.4382583349870493,0.018737891962871178
User 481,-0.6705812690513198,-0.23928966181137534,-0.49569317622049436,0.025149555663292404
User 482,-0.027017450238114516,-0.08542415082413535,-0.7447469125425064,0.6198230000855891
User 483,-0.5250146403668209,-0.6234154482831927,0.7495755053895643,-0.47194029368279977
User 484,0.9181135411323667,2.05425391289966,-0.30890287397898536,0.5580062458223894
User 485,0.8028751830326681,0.7969995538771948,-0.8070103466230094,0.5095523409579774
User 486,-0.7139731656351999,-0.37293678739805713,0.0024142964235282834,-0.2114522219804449
User 487,0.29052744856333856,-0.5636198908282478,-0.30890287397898536,-0.3530998828629861
User 488,0.8640385348769456,-0.22276813807270965,0.5005217690675523,-0.4615475809726093
User 489,0.021711474357779915,-0.48124090649200646,1.808053884758114,-0.647401102410718
User 490,-0.15583042938421782,-0.2193456355202749,-0.5579566103009974,0.02069711633029525
User 491,-0.24517646668860266,-0.1491149832243112,1.559000148436102,0.20843619906131444
User 492,0.073703892969983,-0.19491278484651187,1.808053884758114,-0.8400014145230403
User 493,-0.7276057767838209,-0.8872652080305178,0.5005217690675523,-0.8088232763924679
User 494,0.3019782471581172,1.5712867266682908,-1.4296446874280395,0.963992295467416
User 495,-0.3985631625959036,0.8962486434150296,-0.18437600581797936,-0.353707536535649
User 496,-0.1834753300159478,-0.8497924209533668,2.181634489241132,-0.7834491482896538
User 497,-0.5964761816457129,-1.1506630282744053,0.7495755053895643,-0.5717501084255032
User 498,0.25384583706082586,0.5020318207606665,-1.0560640829450214,0.7886677500889331
User 499,0.20904052732321973,0.24699382953756835,0.4382583349870493,0.560840119161551
User 500,0.48782937994073416,-0.45321339621261575,0.1892045986650373,-0.2758984545586531
User 501,0.059797879441525724,0.9627387588148295,-1.3051178192670334,0.5476135331121987
User 502,1.4143507911990525,0.199200424319428,0.1892045986650373,-0.14106571602504314
User 503,-0.10530741003201141,0.28434757004521194,2.0571076210801262,0.7113300584351648
User 504,-0.13158060947365433,0.2822731576962913,0.5627852031480554,-0.6646768691445577
User 505,0.3092079758888442,-0.5620085601747954,-0.05984913765697472,-0.33582411612914653
User 506,0.6964736104592942,0.09746323482272028,0.9986292417115763,-0.5307869112574027
User 507,0.07142243710869325,0.3470277515127702,-0.5579566103009974,0.09432075427336836
User 508,0.8445018470247513,-0.3052732992618611,-0.9315372147840154,0.6786014859854744
User 509,0.8722041762289798,-0.8319924359626668,-0.30890287397898536,-0.010617285149712594
User 510,-0.2890703265898441,-0.07871734176802765,1.1854195439530855,-0.8844061387029651
User 511,0.6295347558887758,0.6797255143247183,-0.8070103466230094,0.7713919833550937
User 512,-0.693450819889255,-0.719325413891052,2.5552150937241502,-0.8844061387029651
User 513,-0.28861978028283,-0.07311508290312096,0.2514680327455403,-0.038285764593743034
User 514,0.7296296477902361,1.4612862148883252,-1.2428543851865304,1.108814488062707
User 515,-0.7221003895201253,-0.9443448611082976,0.8118389394700674,-0.6219588426331862
User 516,0.9538463893002314,0.4997113315180199,-0.8070103466230094,1.1006479950190147
User 517,0.08161795822052251,-0.7398915272832292,0.2514680327455403,-0.14254801866944355
User 518,0.2387291960599,-0.19909497252538977,0.2514680327455403,0.6404721621565355
User 519,-0.24066424614061516,-0.5959763430808723,0.0024142964235282834,-0.7938418609998446
User 520,0.6850206761093184,-0.3448952955322855,-0.43342974213999136,-0.4211920374771715
User 521,-0.59347185909567,-0.31300905525853223,-0.30890287397898536,-0.9224673308571865
User 522,0.5242580796772988,0.47340820062991895,-0.5579566103009974,0.6947300770487058
User 523,-0.5178676902551633,0.2569084648428916,-1.4919081215085424,0.9974647849392045
User 524,-0.4860381251953048,-0.5369507594730938,0.7495755053895643,-0.6790506308645181
User 525,1.0330139257927828,1.105401785060321,-1.3051178192670334,0.9847777208877975
User 526,0.6236488566005074,0.04980546523941679,-0.05984913765697472,0.34691485963090174
User 527,0.22741724551237202,0.10373469344072012,-0.43342974213999136,0.061455918474242505
User 528,0.2640570646094561,-0.473650197847075,-0.43342974213999136,-0.4384678042110112
User 529,-0.04650746901174083,0.011169849594505787,0.4382583349870493,-0.6629220398012865
User 530,-0.3712809204237486,-0.6896857194869006,-1.1805909511060275,-0.44366416056610675
User 531,-0.17732900851376193,-0.9702168853823201,-1.4296446874280395,-0.2983024459728705
User 532,-0.08636788081824179,-1.0329281884599602,-1.0560640829450214,-0.24060300406887586
User 533,-0.2058940240043538,0.25944021650352433,-0.43342974213999136,0.19932692537116709
User 534,-0.02112926462147534,-0.4439254178778476,0.6873120713090614,0.12947994141371044
User 535,-0.31684858249646153,-0.4458921812972054,0.06467773050403129,0.30534400879013845
User 536,-0.5106358457414769,-0.04516236946808309,0.3137314668260433,0.20560232572215298
User 537,1.1914744842209584,1.3578680422541736,-0.9938006488645184,1.3608690714222949
User 538,-0.026137753823813625,0.933187866373924,-0.9315372147840154,0.8076983461660439
User 539,0.6063469349001831,0.48993143131120137,0.5627852031480554,-0.36760990793238185
User 540,0.035243025805975124,-0.035078161056003664,-0.49569317622049436,-0.6156153106074826
User 541,-0.086264286108942,-0.4258108359611636,0.06467773050403129,-0.49340150445056213
User 542,-0.5780149216566894,-1.712630092543427,0.2514680327455403,-0.8728662503221662
User 543,-0.17268151486587602,-0.14161021361576362,0.0024142964235282834,-0.6202040132899151
User 544,-0.3690107878927703,-0.34388379112835965,1.683527016597108,-0.2707702298782753
User 545,0.26642272594156324,-0.3249852302456167,-1.2428543851865304,0.16646208957204106
User 546,-0.01659202804930713,0.7668687910723015,0.5627852031480554,-0.7096211153224277
User 547,-0.7518153462018143,-0.3618653448891556,0.7495755053895643,-0.6582652054441365
User 548,-0.26237213930449943,0.12462170410348805,-0.43342974213999136,-0.4246335644889961
User 549,0.027637443421160434,0.5855493398250519,-0.5579566103009974,0.2443393032237546
User 550,-0.17936369630300858,-0.5173361886981781,1.683527016597108,-0.5210018522198748
User 551,0.1579389438054718,-0.012792789100385763,0.5627852031480554,-0.5948980168618188
User 552,1.161477865395845,0.9691840814286392,-0.8070103466230094,0.9922684285841094
User 553,0.2931821249625112,0.1762538598979402,-0.5579566103009974,-0.012372114492983755
User 554,0.6178864136535044,-0.461454178663898,-1.1805909511060275,0.171187055603909
User 555,-0.06367139535972795,0.5924534297127647,-0.30890287397898536,-0.4315847501873623
User 556,0.08273253955860554,0.3399132526783799,-1.2428543851865304,0.9864644185563511
User 557,-0.6470613735694994,-0.21025323107449553,0.2514680327455403,-0.5665537520704078
User 558,-0.37511453678527584,0.14949793603509395,-0.05984913765697472,-0.5077071344958048
User 559,-0.1527650356380239,-0.05311709265702665,1.683527016597108,-0.8146272864202262
User 560,0.629348038079247,-0.571806709324536,0.4382583349870493,-0.7852039776329249
User 561,-0.3352932617555221,0.01120897849181072,-0.6824834784620034,0.45360772839725383
User 562,0.2796900459394631,0.9956879070335779,-1.3051178192670334,1.2540399393065076
User 563,0.20938274375462235,-0.02860086336080418,-0.30890287397898536,0.6191472147382088
User 564,-0.47899679630133435,-0.25178830578970873,0.4382583349870493,0.22524057547192639
User 565,0.050649314926936605,-0.09959122431572322,-0.9938006488645184,-0.33406928678587544
User 566,0.2502883254976874,-0.3419387140696692,0.4382583349870493,-0.271446015225656
User 567,0.45870978682909547,0.8120913392650163,-1.4296446874280395,1.2575495979930498
User 568,0.6481747941177995,0.5047303061337058,-1.1805909511060275,0.7603916169722398
User 569,0.4209349271252538,0.8593571311315462,-1.1805909511060275,0.7131530194531538
User 570,0.2559542615670956,-0.755811820342689,1.434473280275096,-0.6231060183037943
User 571,0.5192563933379579,0.8872490293086122,-1.1805909511060275,0.7131530194531538
User 572,-0.44345100389808606,-0.6907634624895849,1.808053884758114,-0.9432527562775681
User 573,0.410025455706827,0.005232160914256305,-1.2428543851865304,0.25689010392572653
User 574,-0.8092736861786722,0.5957317619172801,1.9325807529191201,-0.6715599231682065
User 575,0.5491187597529497,0.16606800038796746,-0.05984913765697472,-0.029579749552105628
User 576,0.2576485195856049,-0.1687461195320441,-0.49569317622049436,0.4479399817189309
User 577,0.3163364041040138,-0.4822898093181087,-0.49569317622049436,-0.6738542745094227
User 578,-0.36695819484857417,-0.15537502066985504,0.2514680327455403,-0.4413698092248903
User 579,-0.5595402213534444,-0.2566733987781981,0.3137314668260433,-0.42868274517348315
User 580,-0.13907541744949461,-0.388835945055221,-0.7447469125425064,0.877278334824426
User 581,-0.25712863313238027,0.05707984648323608,0.06467773050403129,-0.3261753204410538
User 582,0.10261705153733806,0.07360480763964668,-0.30890287397898536,0.20965150640664015
User 583,0.12012853959847103,-0.20240442633998681,-0.18437600581797936,0.052886166782040375
User 584,-0.2444586378433041,-0.028819854085588292,0.2514680327455403,-0.6698050938249354
User 585,-0.3893056571228735,-0.7676923655960617,1.434473280275096,-0.6530688490890411
User 586,-0.03900224559808119,-0.4092736001609885,1.2476829780335883,-0.46391006398854306
User 587,-0.6244202175986895,-0.385648121756568,-0.05984913765697472,-0.5608860053920848
User 588,-0.2776209506273823,-0.42555532381802313,0.3137314668260433,-0.8388542388524323
User 589,-0.38333455302839925,0.35165818582942737,-0.9315372147840154,1.1993106340911097
User 590,0.42515658023453595,0.4860569892553295,-0.05984913765697472,-0.726357360058322
User 591,-0.14219137944382002,-0.15049677898434347,-0.24663943989848236,-0.12365368594176818
User 592,-0.1064750054908783,-0.548415056702589,0.7495755053895643,-0.9265165115416738
User 593,-0.6435476446748462,0.1379065849488681,-0.43342974213999136,2.800725640707155
User 594,0.47554000088460685,0.2927290854266687,-0.18437600581797936,0.21430834076379043
User 595,-0.018591796522970695,-0.6022911744202066,-0.30890287397898536,-0.3203713104132955
User 596,0.44849179107965986,-0.35287883536529896,-0.24663943989848236,0.026768121657128052
User 597,-0.20169012543853188,-0.44062454584135713,1.745790450677611,-0.4840878357362618
User 598,-0.024765775573264114,-0.32384925593139696,-0.8070103466230094,-0.29310608961777496
User 599,0.07301980065566342,0.35369889262182985,-0.43342974213999136,0.5804783689113245
User 600,-0.20635785478044122,0.9342567250855649,-0.24663943989848236,-0.5994185878695335
User 601,-0.49835094299908655,-0.12948728433432313,0.8118389394700674,-0.302487890006793
User 602,-0.09226763844569597,-0.291809984551193,-0.5579566103009974,4.113706038078148
User 603,-0.14780676626994835,1.0061144200964902,-1.0560640829450214,0.980189018205365
User 604,-0.9385027142738789,-0.6555729127615958,1.434473280275096,-0.7852039776329249
User 605,1.3482487264965095,0.19316909182850808,-0.9315372147840154,0.9267431520100107
User 606,0.5135510426772606,-0.40214881260587504,-1.6786984237500515,-0.3013407143361849
User 607,-0.40967722530849987,-1.001680026329218,1.434473280275096,-0.23270903772405407
User 608,0.05691233719671277,-0.3160544151518822,-0.05984913765697472,-0.2609170391660298
User 609,0.21942223346729714,1.6463453495604303,0.4382583349870493,0.2655961189673639
User 610,-0.6726174094788531,-0.5447752939004985,0.06467773050403129,-0.32428422774834753
User 611,-0.06472749182800745,-0.3950083129892525,0.2514680327455403,0.7172022001376406
User 612,0.16263441142401147,-0.09622695307482378,-0.9315372147840154,0.33834510793869965
User 613,1.010717006235668,-0.3280174620238942,0.0024142964235282834,-0.37746309864462735
User 614,-0.5449862132530857,0.9483832652501679,1.559000148436102,-0.5180998472059957
User 615,0.7880954936231811,-0.46517815002724405,-0.6824834784620034,0.02224755064941311
User 616,-0.5885855993392881,-0.868086011226222,1.994844186999623,-0.7638790302145979
User 617,-0.22113119697938727,-0.15513948794476515,-0.05984913765697472,-0.3109895100242775
User 618,0.4342170205615895,0.5001372702392252,1.9325807529191201,-0.5043337391586981
User 619,0.7676428376784943,-0.43671270536330864,0.2514680327455403,-0.5533271660210555
User 620,-0.45741890276561376,-0.36027314018244566,0.9986292417115763,-0.5602783517194219
User 621,-0.5838632548334841,0.08337268865061402,0.2514680327455403,-0.617302008276036
User 622,0.38579043827327075,0.5314767947471374,-1.1805909511060275,0.1814435049646646
User 623,-0.30096200508266674,0.8741996811883217,-0.05984913765697472,0.4616379580915106
User 624,-0.16060435654568517,-0.0005585180237244192,0.6873120713090614,-0.2897326942806683
User 625,-0.7447811518436724,0.42459016289278023,0.5005217690675523,0.08217321221990648
User 626,0.2583339470220422,-1.195770773721642,-0.9938006488645184,-0.26719243951701577
User 627,1.2795676147452195,0.5802408685292821,-0.8070103466230094,0.314050023831776
User 628,-0.38022441347104574,0.2043872886317659,-0.9315372147840154,0.20553419404743523
User 629,-0.9554557545829747,-1.0339242833153135,0.5627852031480554,-0.7055719346379403
User 630,-0.17111747352405357,1.0662448564084068,-0.8070103466230094,-0.7286517113995383
User 631,-0.8106821847879168,0.38919633450151675,0.9363658076310734,-0.7413387754509454
User 632,-0.12363878856767721,-0.1339578362415519,1.994844186999623,-0.8665227182964627
User 633,-1.1711896555878556,-0.42083781801324877,0.5627852031480554,-0.45237017560774406
User 634,0.6090127525729188,0.3325172409186165,-1.1805909511060275,0.7962265894599624
User 635,-0.5304853420616336,-0.09250298171147797,-0.30890287397898536,-0.24593562377340644
User 636,0.17337034298693124,-0.32515909424142597,0.3137314668260433,0.5465344891163083
User 637,0.803446072730936,-0.0401259758482716,-0.8070103466230094,0.1814435049646646
User 638,0.47574251440549753,-0.4870838189098526,-0.49569317622049436,0.26397755297352826
User 639,-0.18046543370944867,-0.07055906093538468,1.808053884758114,-0.2914193919492218
User 640,-0.47991183749649446,0.3129825878159036,0.06467773050403129,-0.7107682909930357
User 641,1.2422044996471542,0.4646572473636641,-0.05984913765697472,1.1872312237123657
User 642,0.845197979672345,1.640101877647704,0.0024142964235282834,-0.2631432588325284
User 643,-0.19237058525419853,0.578136762532471,-0.6824834784620034,-0.28156620123697607
User 644,-0.4062048633539893,-0.2459331187280982,0.5005217690675523,-0.351952707192378
User 645,0.8697876770817823,1.405857851300099,-0.9938006488645184,0.4864725641963795
User 646,-0.5309833950699743,-0.1756145414727088,0.0024142964235282834,-0.7413387754509454
User 647,-0.19269944301411018,-0.10740689798459664,-0.43342974213999136,-0.37159095694215133
User 648,-0.938404503770796,-0.1401701865441962,1.808053884758114,-0.7644185522125432
User 649,-0.06111388111743993,0.5084154511126838,0.7495755053895643,-0.4852350114068698
User 650,0.6020216729768559,0.22506474381916422,-1.2428543851865304,0.05916156713302625
User 651,0.27162933889386925,0.1247573162058131,-0.05984913765697472,-0.42868274517348315
User 652,-0.7669387939555627,-0.42587250469044385,1.496736714355599,-0.9502039419759345
User 653,-0.5309833950699743,-0.1756145414727088,0.0024142964235282834,-0.7413387754509454
User 654,-0.085314347196458,-0.14164675856663178,0.7495755053895643,-0.4800386550517744
User 655,-0.34181735259999013,0.11092029625380558,-1.2428543851865304,0.9328822890115611
User 656,0.2994148251369823,0.6491436890202078,-1.2428543851865304,1.0252013960579527
User 657,-0.2306507178440737,0.13342034451264229,0.8118389394700674,-0.21887479800203885
User 658,0.688075103485118,-0.7327590349538298,-0.43342974213999136,-0.05677683867290842
User 659,-0.05436734498874411,-0.3563161965079346,1.9325807529191201,-0.5620331810626928
User 660,-0.4157488152332983,0.012981021493488237,1.1854195439530855,-0.4483209949232568
User 661,0.15295713176809808,0.9169503924420436,-0.8070103466230094,0.9132440392617877
User 662,0.21634194278270633,-0.5701711083639799,-0.43342974213999136,-0.13350687665401373
User 663,0.09590997871425276,0.17781466401414367,-1.3051178192670334,0.9230290982993157
User 664,0.09516781029724011,-1.0925787220956773,1.1854195439530855,-0.5867315238181265
User 665,-0.9743325522888675,-0.3130230368449131,1.808053884758114,-0.0014398797848476086
User 666,0.12390684413785658,0.4125149207542392,1.2476829780335883,0.3911833204613913
User 667,1.0911518420172779,0.481694086277664,-1.0560640829450214,5.787455712217427
User 668,0.18455485934621116,-0.18818082847948014,0.3137314668260433,0.6053811066909112
User 669,-0.8389012797865032,-0.6630280093042026,1.496736714355599,-0.5153341055415518
User 670,-0.47043938279571684,-0.19550118992358242,1.559000148436102,-0.7286517113995383
User 671,0.03200869403789149,-0.23787390504691172,2.0571076210801262,-0.5031184318133723
User 672,1.0319004670032939,1.3701936757080055,-0.9315372147840154,1.0205445617008024
User 673,-0.29290935323085965,-0.9009534877651276,-0.8070103466230094,0.058553913460363455
User 674,-0.6447632817806681,-0.4049081132368862,-1.2428543851865304,-0.570602932754895
User 675,-0.26873620226986034,-0.963922886932345,-1.4296446874280395,-0.38367036732089566
User 676,-0.8447773698196862,0.6295647861923405,-0.05984913765697472,-0.8013325686961563
User 677,-0.737050824923682,-0.5458981400996455,1.683527016597108,-0.9271241652143365
User 678,1.4316949298026849,-0.18519455336897359,-1.1805909511060275,0.6185395610655459
User 679,-0.043746822300348986,-0.91055094219803,2.0571076210801262,-0.2488376287872856
User 680,-0.3594925389489116,-0.3133993260326893,1.434473280275096,-0.6461857950653922
User 681,-0.08668836606015261,-0.9286506890570251,0.1892045986650373,-0.280419025566368
User 682,0.03117002564127098,0.03956850470131131,0.6873120713090614,-0.7910079876606833
User 683,0.3936991807545208,-0.40024028049805266,-0.9315372147840154,0.23158410749762992
User 684,0.04472636953900686,0.3981522733736627,-0.24663943989848236,-0.5180998472059957
User 685,0.49118632812062596,1.185947034133093,-0.9315372147840154,0.624951224765967
User 686,0.548790748448579,0.023505771769060768,-1.2428543851865304,0.8204535418921686
User 687,0.12412400452416025,0.18699584689065682,0.06467773050403129,-0.2966838799790347
User 688,-0.0852132185655903,-0.5123006485496747,0.1892045986650373,-0.43617345286979503
User 689,-0.44570055394718366,-0.36977152746389147,0.7495755053895643,-0.7852039776329249
User 690,0.00017601736731047424,0.14753887739002255,0.2514680327455403,0.10997795501337221
User 691,-0.12164191436946807,-1.1876830223768104,-0.24663943989848236,-0.7580750201868396
User 692,-0.45297525599638605,-0.3637704395792331,1.559000148436102,-0.41903394948539063
User 693,-0.7192984337121706,-0.7971964478978881,0.8118389394700674,-1.0084429058778746
User 694,-0.3552479689002434,-0.09036320776761902,0.4382583349870493,-0.5855843481475184
User 695,0.5065692133999861,-0.17191225647003003,-1.1805909511060275,2.783921264296543
User 696,0.5344029432664469,-0.13535276011665656,-0.05984913765697472,-0.5832899968063021
User 697,0.5482836435044812,0.6038055316757308,1.434473280275096,-0.06258084870066677
User 698,-0.01758535157755008,-0.9855573316103037,-0.9315372147840154,-0.2215724079917652
User 699,-1.051498284966575,-0.5254230865717016,1.3722098461945944,-0.6577256834461911
User 700,-0.6950666909412329,0.08511591500822117,1.2476829780335883,-0.0868078011328727
User 701,-0.34642995246323843,0.008894463548321832,-0.9315372147840154,0.0920945346068697
User 702,0.7483786760313603,0.5511895792022011,-0.24663943989848236,0.44152831801850967
User 703,0.26561628327475584,2.3827357824762117,-1.0560640829450214,0.9531963241087154
User 704,-0.07350955336872045,-0.02818634581205533,1.745790450677611,-0.642136614380905
User 705,-0.18208974658175126,-0.26670708065302867,1.808053884758114,-1.026326326284377
User 706,-0.636434101971872,-0.6003409765336664,0.4382583349870493,-0.7424859511215534
User 707,-0.03307948976039019,-0.26747705450019493,-0.30890287397898536,-0.44022263355428215
User 708,0.3642421373511471,-0.20492390335685515,-0.6824834784620034,0.2731549583383932
User 709,-0.04213022014065172,-0.9290129731259084,-1.0560640829450214,-0.15523508272085068
User 710,-0.3487044420274353,-0.05895144682927825,1.0608926757920794,-0.446702428929421
User 711,0.7245133346193533,0.14944740949784494,-0.9938006488645184,0.5177188340016697
User 712,0.1027312061565969,0.4178938980053088,-0.7447469125425064,-0.33926564314097085
User 713,0.25129304752604553,-0.39190386831305846,1.808053884758114,-0.7084739396518194
User 714,0.2660631088230009,-0.4197957664901244,0.0024142964235282834,-0.690590519245317
User 715,-0.2723304511544953,0.8706190031690749,1.559000148436102,-0.3861009820115472
User 716,-0.6295543657548011,0.3192940052700046,1.559000148436102,-0.8377070631818241
User 717,-0.28251395578538163,-0.7269777912652637,0.4382583349870493,-0.6917376949159252
User 718,-0.3725384113719394,0.7189181109236813,-0.9315372147840154,0.9951704335979884
User 719,0.8062568923168756,0.27260263689416436,-0.6824834784620034,1.0171030346889782
User 720,0.597483887726183,0.5119830010168577,-1.1805909511060275,1.1745441596609585
User 721,0.09907347251579203,0.5714353768171501,-0.7447469125425064,-0.3352164624564836
User 722,-0.9791985375124753,-0.7624221461937766,2.243897923321635,-0.7401915997803371
User 723,0.5938171272554966,-0.5663940265169481,-0.5579566103009974,0.264585206646191
User 724,-0.2045496970625496,-1.1575288662686332,-1.0560640829450214,0.032168873036376305
User 725,-0.7332349644448815,-0.6770352003863617,1.0608926757920794,-0.7315537164134174
User 726,0.5175481537241845,0.5926124586508852,-1.0560640829450214,0.18259068063527273
User 727,0.32717931808002143,-0.03016252094831584,0.0024142964235282834,-0.1714999371335173
User 728,0.8190925405063965,0.4511610805677859,0.5005217690675523,0.35163982566276963
User 729,-0.3417155334118984,0.6901571482154804,-1.0560640829450214,2.079045292421352
User 730,1.3500657754049363,0.40434893514730974,-0.8070103466230094,0.25054657190002294
User 731,0.2624211748262443,-0.17814629313334154,1.1854195439530855,-0.10415169954143
User 732,0.12832477289949074,-0.5429275770506482,0.9986292417115763,-0.16043143907594604
User 733,-0.03913001870879111,-0.682506967976793,-0.9315372147840154,-0.05151235064309541
User 734,-0.3848043503411227,0.93008254469391,0.1892045986650373,0.5441038744256568
User 735,-1.0092574181837408,0.013054111395224574,1.496736714355599,-0.8359522338385532
User 736,-0.08639391384337336,-0.6544951697589116,-0.49569317622049436,-0.2677319615149608
User 737,0.1850721950779831,0.5631215044641311,0.06467773050403129,-0.35890389289074426
User 738,0.7763425523047874,-0.011231131512874304,-0.8070103466230094,0.6786014859854744
User 739,0.299632385882698,0.28516807042962716,-0.05984913765697472,0.2443393032237546
User 740,-0.1443285305609804,-0.6736492427847951,1.559000148436102,-0.6992965342869544
User 741,0.4557577361526614,0.666471731556908,-0.9315372147840154,0.3487378206488905
User 742,0.3618624369623849,-0.41298986675004823,-1.2428543851865304,0.1687564409132575
User 743,-0.03525843328296885,-0.4175951772882933,-0.18437600581797936,-0.6969340512710206
User 744,-0.027210987226595186,-0.5306933059739867,0.2514680327455403,-0.49906925112888506
User 745,-0.3154422725333167,-0.22930994389153883,-1.0560640829450214,-0.25059245813055653
User 746,-0.2750173483833973,0.3117692327108947,-0.9315372147840154,0.13494882446767642
User 747,-0.38279952054416466,1.1915407112198935,1.1854195439530855,-0.570602932754895
User 748,0.03930489880186174,0.48757866447422793,-1.3051178192670334,1.8107939863238147
User 749,-0.8505845246391932,-0.5821490138261928,1.0608926757920794,-0.6427442680535679
User 750,0.13165653681647765,-0.5581706630697916,-0.05984913765697472,-0.35553049755363764
User 751,0.510994985005957,0.5108070443340251,-1.2428543851865304,1.0378884601093599
User 752,-0.2663428219527074,-0.20025780109314972,1.0608926757920794,-0.4334077112053511
User 753,0.5942746699512957,0.22191261200007126,-1.0560640829450214,0.30372544279630276
User 754,0.2885805360054438,-0.45028108505710307,0.8118389394700674,-0.20618773395063175
User 755,0.39030493414849887,0.36528565030606536,-0.9315372147840154,0.3741800804264222
User 756,0.7575099075351016,0.1925823936940544,1.683527016597108,-0.2886536502847778
User 757,0.3407447741495131,-0.9690940391831732,-0.43342974213999136,-0.6254003696450106
User 758,-0.3545730059981698,-0.4696392902175697,0.0024142964235282834,-0.5504251610071762
User 759,-0.7118421621446206,0.20230574599944226,0.0024142964235282834,0.1404121761218465
User 760,0.0996067851014564,-1.1498565094763709,-1.1805909511060275,-0.9224673308571865
User 761,0.18099733271091795,-0.06455882652203439,-0.8070103466230094,0.3446886399644032
User 762,-0.04868219997324007,-0.21319952381638907,-1.4296446874280395,0.0880453539223824
User 763,0.49324791003762786,0.003579140949574335,1.559000148436102,-0.24593562377340644
User 764,-0.0817294100675514,0.019786921233564448,0.5627852031480554,0.12489123873127794
User 765,-0.1868562100850944,0.19366784147102478,-0.9938006488645184,0.22355387780337294
User 766,-0.4731705283364098,0.04364793236307459,1.3099464121140914,0.0688784944958366
User 767,-0.6172889013474256,-0.21703656745008468,-0.43342974213999136,-0.26948679085823196
User 768,0.4936581917473145,0.09189069313821556,-0.9315372147840154,0.016511672296372605
User 769,0.9870350863723104,-0.5580958662254388,-1.0560640829450214,-0.2279159400174688
User 770,-0.1407164064273549,-0.7240046442698298,0.1892045986650373,0.4374791373340223
User 771,0.03632736779721983,-0.39742274855550597,0.7495755053895643,-0.011224938822375533
User 772,-1.489842145577957,0.10178876291072105,0.3137314668260433,-0.45480079029839565
User 773,-0.12735809973677265,0.06248567798784584,0.0024142964235282834,0.047621678752227295
User 774,-0.6574773195582023,-0.7679096258457174,-0.30890287397898536,-0.5942222315144381
User 775,-0.5221922806261077,1.0095189291539157,0.9986292417115763,-0.46330241031588004
User 776,1.299078397771327,0.3187196053118268,-1.0560640829450214,1.1523445632708944
User 777,0.269935274358297,-0.14132957769421103,0.8118389394700674,-0.7978910416843319
User 778,0.4259283712711149,0.2718560563502816,-0.9938006488645184,0.047621678752227295
User 779,-0.4871074884670946,-1.1646085506272839,-0.30890287397898536,-0.510001485837021
User 780,-0.44345100389808606,-0.6907634624895849,1.808053884758114,-0.9432527562775681
User 781,0.696957810262087,0.372643410172344,-0.7447469125425064,0.6900732426915559
User 782,0.00840575359094703,0.4649136129781127,-0.05984913765697472,0.48242338351189223
User 783,-0.07584526743398913,-0.21605789159885702,0.4382583349870493,-0.47828382570850336
User 784,-0.5645447506079051,-0.7776269803194354,1.1854195439530855,-0.8999952077682514
User 785,-0.3748289708589488,-0.618281694454541,0.9363658076310734,-0.5533271660210555
User 786,0.5716366993685552,0.7065927799827859,-0.7447469125425064,0.7892072720868786
User 787,0.34848431514296047,0.11711608102363229,-0.8070103466230094,0.6024109700023142
User 788,-0.35975612759865155,0.011840756290215424,0.5627852031480554,-0.3479035265078907
User 789,-0.04941580595013177,-0.5112977023913433,1.683527016597108,-0.5112849248570646
User 790,0.5870104513029701,0.39040341279443086,-0.8070103466230094,0.2586449332689974
User 791,0.1102540926708081,0.4318497090789104,1.2476829780335883,0.40333086251485323
User 792,0.6354544580450574,0.61240177042543,-1.1805909511060275,1.2206355815094365
User 793,0.769169501491686,1.0666913725710576,-0.9315372147840154,0.4553625577405248
User 794,0.1584546573209445,0.3174011852236916,-0.24663943989848236,-0.5504251610071762
User 795,0.06597974368253216,-0.505990084566882,0.0024142964235282834,-0.2752908008859901
User 796,1.6527298538593473,0.9042016596613562,-0.9938006488645184,0.7414291525698469
User 797,-0.2465094893049365,-0.21025323107449553,-0.5579566103009974,-0.6917376949159252
User 798,-1.0682960674689284,-0.4813025752212868,1.2476829780335883,-0.47828382570850336
User 799,0.22948429467077905,0.24650449161195478,-0.49569317622049436,0.6473552161801842
User 800,0.38555346669082313,0.8318963395685587,-1.4296446874280395,1.1923594483927433
User 801,-0.6125723090088848,-0.4639345503159733,2.243897923321635,-0.4333395795306335
User 802,0.2902288893331354,-0.35979778384321276,0.9363658076310734,0.29211742274078606
User 803,0.7826508200534056,-0.5272690729464236,-0.49569317622049436,0.6156375560516666
User 804,-0.29396982180450015,-1.1392195639342688,-0.43342974213999136,0.01016814027066906
User 805,0.07839758276063995,0.6550605448110985,-0.5579566103009974,0.22524057547192639
User 806,0.8609605887367839,1.2154379883198467,-1.0560640829450214,1.094912116665974
User 807,0.03960440610257383,-0.6990858930881978,-0.30890287397898536,-0.4056029684118855
User 808,0.15681463528009457,0.08090175224795317,-0.9315372147840154,0.6750918272989325
User 809,0.059797879441525724,0.9627387588148295,-1.3051178192670334,0.5476135331121987
User 810,0.1693056839949802,0.4990463991214682,-0.9315372147840154,0.4519210307287004
User 811,0.40709809096489263,-0.2379729721983684,-0.05984913765697472,-0.3709833032694886
User 812,1.2826839682661764,0.31599227976220573,1.1854195439530855,0.3677002850512835
User 813,0.7721574289293185,1.7209754497849277,0.9986292417115763,-0.06663002938515392
User 814,0.3632192888856078,-0.5499298806185094,0.5627852031480554,-0.35553049755363764
User 815,0.7065441986866479,1.5625029448493375,-1.1805909511060275,0.9184403956168832
User 816,0.07581086743137488,0.28422508605795976,0.6873120713090614,0.3683079387239462
User 817,0.31572519757615286,0.3845847706836887,-1.3051178192670334,1.1785252086707283
User 818,-0.12683544123572216,-0.05578360294867581,-1.4919081215085424,0.25412436226128254
User 819,0.630762035275145,0.12815185558548578,-1.4296446874280395,1.1623966176074967
User 820,-0.5178676902551633,0.2569084648428916,-1.4919081215085424,0.9974647849392045
User 821,0.23126953938198191,0.38481771946234183,-0.5579566103009974,0.23104458549968482
User 822,0.06423940649510708,0.6213023173803912,0.8118389394700674,0.07130910918648803
User 823,-0.4741256155400853,-0.3895217103411317,1.1854195439530855,-0.6530688490890411
User 824,0.6091214276103651,0.2775765083133875,-0.5579566103009974,0.6093621557006808
User 825,-0.4779785283579085,-0.46338354366107937,-1.5541715555890454,0.7774685200817225
User 826,-0.8030485287648146,0.4111339784655152,-0.9315372147840154,0.3793083051068
User 827,-0.3216221102659246,0.3468173425660926,-0.43342974213999136,0.5787916712427711
User 828,-0.6659104280986771,0.47832125679117005,1.3099464121140914,-0.3503341411985422
User 829,-0.34181735259999013,0.11092029625380558,-1.2428543851865304,0.9328822890115611
User 830,0.4864748372834084,-0.13646790154151722,-1.1805909511060275,2.86814200997396
User 831,-0.17761797490935524,0.21075608392609388,-0.18437600581797936,0.06894662617055419
User 832,-0.4964890970146313,0.9873326243497544,0.3137314668260433,-0.5625045713859205
User 833,-0.6663358290672592,-0.9468252327603728,1.559000148436102,-1.0297678532962014
User 834,-0.9416035270033511,0.15900573503344245,0.2514680327455403,-0.6490878000792715
User 835,0.08273253955860554,0.3399132526783799,-1.2428543851865304,0.9864644185563511
User 836,0.5760572802512461,0.10893696730163005,-0.43342974213999136,0.7551952606171443
User 837,0.2264562042507981,-0.04642082776955497,-0.05984913765697472,0.5188660096722779
User 838,-0.2154971989822104,-0.17816970996913709,-1.0560640829450214,1.0659657296016962
User 839,-0.31462221627514175,-0.524616567773667,0.5005217690675523,-0.5077071344958048
User 840,-0.10959409767569495,-0.6288421126771615,-0.24663943989848236,-0.2788004595725323
User 841,0.033648984965036724,0.01735250624925988,0.6873120713090614,-0.39595417272379274
User 842,-0.44162256762898944,-0.39488841294843663,1.3099464121140914,-0.07128686374230414
User 843,-0.19839600280282327,-0.1649082224270404,0.0024142964235282834,0.26728281663591724
User 844,-0.8539201056579421,-0.3565585805360025,0.6873120713090614,-0.8676698939670708
User 845,-0.6827205725305524,-0.2591546239015817,0.4382583349870493,-0.8169216377614426
User 846,0.45083504300545896,0.3644408796145462,-0.9938006488645184,0.278283183018771
User 847,-0.7350251639643278,-0.5703666822529686,1.1854195439530855,-0.7684677328970304
User 848,-0.2008257590065436,-0.20138064729229663,1.2476829780335883,-0.01689268550069853
User 849,-0.8724695786839891,0.7800826150040105,1.994844186999623,0.3964478084912043
User 850,-1.075166925260943,-0.3486646726050311,1.683527016597108,-0.6814812455551696
User 851,0.049429192674596556,0.11472363433098239,-0.8070103466230094,-0.6150076569348198
User 852,0.5972578700880009,0.6024280268047516,-0.43342974213999136,0.3042649647942481
User 853,0.33020690489962157,0.9293108403716154,-0.43342974213999136,-0.19970793857549307
User 854,0.5710935201619017,-0.29723065111349195,-0.43342974213999136,0.531553073723685
User 855,0.6178401749403074,0.6191459779037142,0.1892045986650373,0.16470726022877025
User 856,-0.020096351013587865,-0.4503784452659434,1.434473280275096,-0.6318120333454317
User 857,0.5710935201619017,-0.29723065111349195,-0.43342974213999136,0.531553073723685
User 858,0.2500046027688695,1.4000514838331206,-0.18437600581797936,0.6496495675214006
User 859,0.27682370338288254,-0.2978416195550499,-0.18437600581797936,-0.3525603608650407
User 860,0.03790980172127887,0.7478052504847921,-1.1805909511060275,1.1041576537055569
User 861,0.3845629393306923,0.23021420970932563,-0.18437600581797936,0.6370306351447113
User 862,0.3055970848373065,-0.25212805002661676,0.2514680327455403,-0.4344867552012416
User 863,0.308619510057922,0.7184202147524729,-0.6824834784620034,1.0171030346889782
User 864,-0.07466006449723213,0.4011134247057573,1.1854195439530855,-0.7442407804648244
User 865,-0.41101828152037195,0.6040159406224084,1.496736714355599,-0.529168345263567
User 866,-0.33067798893736633,-0.4113011788383181,0.7495755053895643,-0.7644185522125432
User 867,0.07503732991214793,0.04370874762104656,0.06467773050403129,0.5094842092832599
User 868,1.4862590098120336,-0.8959048195015514,-0.43342974213999136,-0.6865413385608297
User 869,-0.5960812197462791,-0.3421959566879382,0.3137314668260433,-0.7551730151729605
User 870,0.8352019462376188,-0.473636192728182,-0.6824834784620034,0.027443907004508668
User 871,0.4607835243843305,0.038527306649495406,-0.43342974213999136,-0.2862230355941263
User 872,-0.722464776711052,-0.6223742502313767,1.683527016597108,-0.5475231559932972
User 873,0.42537238215719675,-0.11856970287066886,0.6873120713090614,0.1663258262226059
User 874,-0.10334841955623472,-0.3703442204794527,-0.24663943989848236,0.09270218827953272
User 875,-0.24882151363537092,-0.15419735704440565,0.2514680327455403,-0.8088232763924679
User 876,-0.11641304762244972,-0.42626362893590913,-1.2428543851865304,0.0788679485575175
User 877,0.2200583936150033,0.6894645551591035,0.4382583349870493,0.0972227592872475
User 878,-0.18949214129988357,-0.5822846259285176,1.9325807529191201,-0.9069463934666179
User 879,-0.38094291429379934,-0.8534330372267656,1.434473280275096,-0.7044247589673323
User 880,0.42639708265303844,-0.31036880119702814,0.7495755053895643,0.06206357214690554
User 881,-0.21649348964904908,-0.10197338228764992,-0.43342974213999136,-0.6219588426331862
User 882,-1.3474340538041392,-0.07830965198974486,1.2476829780335883,-0.8088232763924679
User 883,0.16521636158100644,0.8868561745880182,-0.49569317622049436,-0.28514399159823584
User 884,-0.25377354581557154,0.4148345565255773,-1.2428543851865304,0.9750607935249872
User 885,0.47112253156977724,0.0181139218508319,-0.5579566103009974,-0.2597698634954217
User 886,0.42644499661176505,0.6685766910250274,-0.7447469125425064,1.1036181317076117
User 887,-0.5401813434220778,0.002177365771491413,0.6873120713090614,-0.44197746289755324
User 888,-0.9049171865738987,0.22936770854267782,0.9986292417115763,-0.3416962578316225
User 889,0.4619176761462995,0.592657561847348,-1.0560640829450214,0.9475285774303921
User 890,-1.1552939722416664,-0.15195166464611198,0.06467773050403129,-0.6224983646311315
User 891,-0.04072701036203953,0.004620339001390324,-0.18437600581797936,0.07191676285915101
User 892,-0.10449047906424366,-0.1383590146452139,-0.7447469125425064,-0.5140506665215084
User 893,0.6612058980453484,0.6849660400791132,-1.4919081215085424,1.160641788264226
User 894,-0.6593460213920123,0.04419720854284015,-1.0560640829450214,-0.497314421785614
User 895,-0.6232116722572586,0.7082414855259027,-0.18437600581797936,-0.5792408161218148
User 896,-0.46956489602380247,0.03366477702549342,0.7495755053895643,-0.32023504706386025
User 897,1.3002517728099954,-0.46521384150680395,-1.0560640829450214,0.73299566422708
User 898,0.12298622918622867,0.3712182181584655,1.683527016597108,-0.49974503647626567
User 899,-0.6070449405359037,-0.7673960176129997,1.2476829780335883,-0.49340150445056213
User 900,-0.8672944015428119,-0.2567490490938592,0.2514680327455403,-0.08964167447203428
User 901,-0.16555096203496503,0.5967955233335833,1.994844186999623,-0.019930953864013
User 902,0.11244217606442537,0.5221357294611955,-1.3051178192670334,0.8602014317149431
User 903,1.064947643158949,0.2701353933571615,-1.0560640829450214,1.102743482735874
User 904,-0.1684877941442215,0.8018603530260684,-1.0560640829450214,1.985579009704352
User 905,-0.37395055260483734,-0.46335927335397553,1.683527016597108,-0.10820088022591728
User 906,1.021787716102813,-0.1938498769015169,-0.9315372147840154,0.17098266057975609
User 907,-0.5537668884067906,-0.07285871728867231,1.0608926757920794,-0.34965835585116173
User 908,0.6612058980453484,0.6849660400791132,-1.4919081215085424,1.160641788264226
User 909,0.46632613101451603,-0.17339053543508234,0.06467773050403129,-0.04004059393701405
User 910,-0.6132008208483103,0.21656159792176355,0.4382583349870493,-0.2892613039574406
User 911,-0.8237753507964347,0.07753148317538423,-0.05984913765697472,-0.5140506665215084
User 912,0.41209668340193517,0.20845642757280616,0.06467773050403129,-0.04294259895089325
User 913,-0.14176071132860982,-0.28645811700157725,1.9325807529191201,-0.8925045000719398
User 914,-0.2519480616129274,0.32246699351096847,-0.43342974213999136,0.6497858308708359
User 915,-0.11145307462889713,-0.5978440393487734,0.5005217690675523,0.5017265062878736
User 916,0.14502170328910163,1.0032654875634373,1.9325807529191201,3.151301068389607
User 917,0.03605068422863518,0.06343466019118299,-1.3051178192670334,0.8695832321039612
User 918,0.2660323017928174,-0.2893227615961397,-0.05984913765697472,-0.3463530921887725
User 919,-0.8004692770936739,-0.44904604359142697,1.745790450677611,-0.9409584049363517
User 920,-0.9833834382807121,-0.00047686987639335615,0.0024142964235282834,-0.3802969719837889
User 921,0.7439523645796666,0.5739017668828444,-0.24663943989848236,0.5644179095228108
User 922,-0.43601242053696154,-0.690527929764495,0.9986292417115763,-0.9022895591094677
User 923,0.042954583774985136,-0.4705831280605457,-0.18437600581797936,-0.10286826052138653
User 924,-0.11095865407216117,0.32399838295970657,0.4382583349870493,0.2892835494016247
User 925,0.4248022509791983,0.6221191248991482,-1.4296446874280395,0.9541391047551705
User 926,0.29140510339708636,0.6687131565986605,-1.1805909511060275,1.2409496166065908
User 927,0.38520561113331575,0.9307003409059337,-1.4296446874280395,0.3953687644953138
User 928,-0.6574773195582023,-0.7679096258457174,-0.30890287397898536,-0.5942222315144381
User 929,-0.107627234349612,-0.5103538645483677,-1.2428543851865304,-0.4044557927412773
User 930,0.007609860662039569,0.08050119275307306,0.3137314668260433,-0.47889147938116633
User 931,0.18152421884520145,-0.2674076809966283,1.1854195439530855,-0.1496354677172452
User 932,1.0083844991567172,0.46619548811538003,-0.9315372147840154,1.234469821231452
User 933,-0.3833500915131981,-0.2920951903422237,1.496736714355599,-0.2148937489922693
User 934,-0.23055822548386393,0.03065766902562772,-0.24663943989848236,-0.6248608476470654
User 935,-0.7208873064280179,-0.36306983923563346,0.6873120713090614,-0.5267377305729155
User 936,-0.7409496424323236,-0.32354691011666553,0.0024142964235282834,0.13292146842553482
User 937,0.0483693921457129,0.10467682434107928,-0.05984913765697472,-0.09659286017040075
User 938,0.48084641304270015,0.21859003007040156,-0.9315372147840154,0.06321074781751367
User 939,0.4734259986891824,0.1300960556403562,-1.1805909511060275,0.11625335536435813
User 940,0.5344806631556182,-0.49134938521118987,-1.0560640829450214,-0.12081981260260678
User 941,0.7079921252378354,0.33762672444016467,-1.0560640829450214,0.22348574612865546
User 942,-0.414944414147033,0.08963699345269882,0.06467773050403129,-0.15476369239762294
User 943,0.40612977232137426,0.7524704992771888,-1.0560640829450214,0.6138827267083955
User 944,-0.34137780212701474,-0.09823284539148648,0.7495755053895643,-0.6023205928834128
User 945,0.4410901848877546,0.589120582594884,0.7495755053895643,-0.35775671722013613
User 946,-0.0235022687051638,-0.6835099141351244,-0.24663943989848236,-0.5665537520704078
User 947,-0.33478243277858316,-0.013554204701957465,1.808053884758114,-0.7131989056836873
User 948,-0.7117392605859523,-0.11190714353971543,-0.8070103466230094,-0.42348638881838796
User 949,0.43229134562652616,0.5139488874323954,-0.05984913765697472,-0.6011734172128045
User 950,0.10888077089043194,0.45612267734324474,-1.2428543851865304,1.0046203656617239
User 951,-0.6750276103737034,-0.4330104203606299,0.4382583349870493,-0.7657019912325866
User 952,0.18415487638723416,0.46739227768757136,-1.0560640829450214,0.9472560507315215
User 953,0.2281287209077571,0.6669245245316535,-0.8070103466230094,0.20567045739687062
User 954,0.31386740340754443,-0.376578257142764,-0.9315372147840154,1.2105153954981165
User 955,-0.2517803843724204,-0.12632114739633737,-0.9938006488645184,1.492600941317669
User 956,-0.05499806405403893,0.08292933092528314,-1.4296446874280395,0.9756003155229328
User 957,0.4233645901217268,0.4189670711385147,-0.8070103466230094,0.26795860198329774
User 958,-0.5022990417628895,-0.786258887016183,1.9325807529191201,-0.5683767130883963
User 959,-0.5210599195003632,-0.09386821193869262,0.2514680327455403,-0.6894433435747088
User 960,0.8180505007603351,-0.28201183540145225,-0.43342974213999136,-0.28332103058024705
User 961,0.007135658558836444,0.43702171480104685,-1.3051178192670334,0.732791269202927
User 962,0.3469449155391892,-0.27136547814244766,0.2514680327455403,-0.16407736111192334
User 963,-0.613431257295989,0.26445233981623223,1.2476829780335883,-0.6917376949159252
User 964,0.3297206563095173,0.25938883649496697,-1.2428543851865304,1.226439591537195
User 965,0.7536435516713094,-0.09603310966096368,0.0024142964235282834,-0.21354217829750824
User 966,0.6025648795960585,-0.4075249504625947,1.496736714355599,-0.7759584405933422
User 967,0.3606321731969304,0.9115377096344557,-1.3051178192670334,0.274773524332229
User 968,-0.28614943956415984,-0.06988986118229155,-0.6824834784620034,-0.22339536900975374
User 969,-0.2315574567909538,-0.6517601394350042,0.7807072224298152,-0.15003872636575522
User 970,-1.077720652407428,-0.30903469257989524,-0.8070103466230094,-0.2504561947811213
User 971,-0.4045546579959959,0.09701044184797468,-0.5579566103009974,-0.6023205928834128
User 972,0.2574774383682169,0.36669284882493475,-0.8070103466230094,-0.5226885498884281
User 973,-0.31639078881347266,-0.08149832875970627,-0.8070103466230094,1.4178982593787048
User 974,-0.21646007600099346,0.04842622989330921,-0.6824834784620034,-0.616154832605428
User 975,0.673528555110174,1.2758436372125295,-0.9938006488645184,0.444362191357671
User 976,-0.6526478207546339,-0.993834659012454,1.2476829780335883,-0.4569588782901765
User 977,-0.004668186230995752,-0.46639150513225297,0.0024142964235282834,-0.20504055828002365
User 978,-0.3480840854564756,-0.3777784841327003,0.6873120713090614,-0.4010823974041705
User 979,-0.6183436454530976,-1.588338890832888,-1.0560640829450214,-0.7436331267921616
User 980,0.4242469722564026,-0.7131895673753771,-1.2428543851865304,0.03378743903021208
