y_test_origin,predictions
54380,35052.76
19375,21405.916
88766,116072.2
60269,52101.34
34711,57428.902
129636,107397.04
14792,16857.316
74325,58692.812
69150,67209.16
58561,50861.574
11858,15869.265
54593,53030.285
50719,54952.527
45894,45548.383
77244,63033.49
48550,46242.574
105523,86566.22
66413,57735.664
58533,49182.414
48329,48626.348
8197,8848.05
57708,47492.715
85787,64150.797
64404,66404.34
41106,43603.527
26049,28475.639
63243,63821.246
87135,87920.25
73528,71184.83
5898,21478.064
20902,29146.938
90215,58301.77
131374,112979.945
212824,77939.336
56788,62334.203
13699,17356.42
66401,97829.46
83931,75976.305
36511,38231.758
21908,23848.627
61923,63670.285
55973,62370.688
13393,18256.32
9375,20271.215
62117,51324.863
35754,41490.383
30767,31170.746
38887,30536.828
33766,40916.445
52176,53269.38
46836,51877.43
79097,72036.87
61046,55776.918
93069,69089.59
32937,32943.12
51137,64727.703
47369,42182.48
32410,44724.58
70798,66661.69
51287,73475.27
58190,71879.305
42466,43093.15
56167,51974.66
59982,56673.07
67855,56907.363
34157,35011.38
8278,7972.4937
96552,100617.89
62540,69778.94
79286,70300.68
79704,55952.63
84979,73520.61
93960,79884.4
8236,2893.4937
53727,57674.312
59969,63357.727
54585,42954.707
20757,18547.158
8223,341.38132
86255,53170.91
49037,27806.428
14881,8353.362
19725,17818.924
31044,31029.9
18204,23481.785
6702,4796.4077
63807,58450.33
32157,33255.004
92866,106460.766
89713,86752.52
27340,34430.965
20757,17828.441
26873,66773.23
159039,152782.98
43045,44343.42
8462,14732.481
54192,49796.965
62054,62508.52
48131,76839.13
52861,58215.477
88247,76827.32
47558,49425.03
13453,16179.134
11567,17476.965
22522,26490.86
69362,61962.535
74866,67156.18
16265,13834.23
26142,33216.844
117522,114960.13
22277,21006.059
49778,56613.273
50642,45018.555
21620,29603.752
39988,35650.766
61526,61448.61
59262,48274.688
83334,79938.38
11824,16627.363
67485,58628.01
114514,103470.33
39593,40326.223
48692,48415.16
56042,63808.85
18297,35046.547
20701,18537.152
69258,62591.18
75472,78303.305
76617,81716.09
13156,28553.91
42439,41328.746
41039,24577.932
93124,85090.25
74252,78187.125
18204,16571.268
35668,37228.273
36372,17485.107
42063,34139.797
86592,83297.43
41456,42980.355
43703,58132.137
28893,23926.678
44881,47926.72
61756,71503.14
53979,48184.938
100635,89185.26
121440,119058.87
79843,81639.195
56161,55470.055
113762,130783.28
23729,20218.912
44584,39691.984
62460,56957.44
18750,25428.352
36000,38810.223
69078,59631.54
38072,25851.357
60628,56176.758
60993,58350.24
46508,48447.723
68820,81439.88
16897,18374.443
16998,16274.234
28873,34228.445
72904,66728.914
34144,27774.44
58350,63668.773
21566,19024.525
36770,43913.336
64762,55587.38
14839,12495.002
143725,131124.88
20775,23001.125
65688,65730.91
52302,57884.055
41806,33997.92
11848,2282.0698
96074,85729.26
47316,39517.676
81183,91398.695
41545,38068.508
47059,55170.285
8918,9230.97
43460,55935.06
82888,69333.31
60497,49395.77
92231,92603.664
59640,65602.51
7536,14846.715
37368,37010.375
55715,69260.78
27467,45877.312
11575,11789.359
47710,43855.395
16333,13460.29
33963,46095.562
49628,62711.285
31072,46928.406
56586,57564.914
4737,1911.6846
131329,136502.27
51038,55639.457
103406,62588.457
49047,58936.543
16787,19974.928
60678,62570.082
58125,49254.535
64590,73359.875
73877,76880.016
8667,8377.116
41871,41062.59
42177,30757.29
60202,57934.254
49779,61845.418
25103,25813.094
59633,65168.426
150443,94143.086
16048,19728.396
33071,25339.121
66320,62647.06
39679,33055.926
42547,40104.723
41805,16683.412
54412,51573.305
33012,45825.28
35043,36066.6
21277,21900.617
65642,59569.67
45046,48607.2
68273,59083.793
48483,68483.96
40327,39171.527
37866,36081.79
69099,73125.53
87705,89946.73
54831,61583.918
49278,47899.383
13288,28979.252
49294,51533.695
43395,36117.41
17542,21125.322
65769,53595.117
57044,60675.438
106939,102723.12
65568,62130.62
52341,56036.797
50456,44445.234
89477,81154.63
58668,54741.812
56339,55316.207
76030,61718.082
51570,64105.77
94794,95350.48
96305,104899.62
48631,70015.49
27744,22212.928
39085,35104.55
36223,24944.19
30402,38052.45
51775,50493.76
38168,28842.666
67858,69312.55
72044,58761.297
72084,74719.27
66309,59323.26
21385,15450.4795
44187,42314.14
13125,6676.612
74648,70720.984
58587,50078.094
59343,61512.848
54100,82715.63
44681,51355.22
15385,42177.05
75703,76094.11
10368,8674.885
43122,41164.613
30000,37045.203
50171,54674.875
12143,18645.031
36110,34725.844
45607,51648.96
243255,221188.48
26384,28668.982
60345,57925.72
35200,34072.918
46429,56052.773
44458,37805.44
86233,99385.95
48129,55778.258
46400,48760.266
45508,22154.316
78127,73896.09
53545,60910.88
55957,63373.25
11216,14373.21
58471,51805.96
58135,58079.98
44502,52465.56
62904,67011.1
37635,36128.316
39280,25494.414
48077,53904.848
35297,36327.215
70522,72795.67
15665,15880.993
27557,36394.41
41842,40859.402
50965,64441.12
53885,36351.79
16827,16266.019
59091,53234.848
72428,44311.516
97309,95433.74
42562,51629.035
27035,32964.336
172193,199487.05
44476,43746.08
45586,34222.69
53611,50373.7
13472,25020.254
5844,1248.1322
41772,41894.473
33778,37506.94
58998,57242.78
60870,53571.816
66973,69609.32
18136,9862.406
47267,48245.805
10348,9405.81
50000,37554.973
4246,1588.4072
97500,81007.41
85083,93013.49
36486,35266.918
34094,34925.87
47023,50012.44
53124,63174.76
64507,54488.1
23580,18443.717
30218,41159.71
47526,51277.305
96281,82622.2
59674,63808.13
28179,22716.602
41220,57936.047
80341,62916.336
73054,52626.613
96217,73270.625
57137,61458.133
52825,55525.598
63661,66293.77
62950,60475.04
48115,48372.723
42317,53212.035
35230,47636.07
70972,60478.5
60748,61651.32
38157,33859.54
81233,69429.18
34005,37614.426
18864,5792.695
69017,70259.03
26420,36611.984
120255,80929.77
33469,38985.613
42338,47627.836
49565,42025.242
27552,33375.492
84712,91016.43
49786,46554.246
58429,84887.84
69548,64052.773
109062,96975.79
86656,64679.902
83243,76972.0
10000,13829.273
44737,50517.094
56691,63529.86
50327,49899.94
24500,23970.111
12078,15127.322
25780,32711.887
14718,15102.417
33319,35539.44
56501,46037.688
47439,55121.24
50093,47457.992
60622,60490.76
56333,51767.043
86884,83251.19
40795,51162.2
60943,60553.734
57955,63276.992
41639,43720.3
39386,39334.05
64878,77331.49
84697,58275.758
35305,40075.992
35637,38169.867
88854,78199.234
49240,55177.15
79040,59377.047
154636,119044.19
79742,88044.945
17180,25305.715
36451,36572.434
50431,49410.523
15819,14792.893
43957,44724.43
63040,57639.21
133334,80596.625
63637,61032.824
42385,45015.973
54662,47673.39
49913,45215.82
56819,36324.18
27249,27052.46
52810,62082.277
81067,86075.53
61069,73002.25
84884,87917.16
54133,59262.66
40442,29244.086
25532,22665.406
67995,67732.23
70180,27528.59
64357,64026.812
39679,39555.133
38481,47129.7
79974,79177.28
34392,41503.574
178128,191254.38
20082,35871.53
63627,58432.848
105176,92339.195
44163,48815.76
33802,35966.523
42157,50746.71
64151,55025.957
13108,16031.606
23735,22487.748
43348,45813.06
79820,88639.055
10629,28013.152
14154,22257.459
36080,37809.055
25917,30518.18
15754,16134.2705
54268,60081.348
63957,66236.164
104447,86187.51
62500,41937.305
62413,55602.19
28839,31770.361
53292,50698.72
16923,15804.047
65406,56126.082
63909,68252.76
18628,26861.584
99308,63515.484
70230,63808.25
53489,51274.32
76808,72540.76
35786,32563.62
69890,64175.66
30251,32437.883
54560,48847.14
34993,45117.668
82792,100661.33
51325,39567.254
28068,34913.688
77085,59800.87
73273,63711.25
64830,67236.375
6854,7158.64
76384,92128.41
25098,32288.746
54190,57761.54
20908,30145.105
64491,70984.414
40005,41925.21
26232,32512.215
72105,72768.195
59199,53284.4
10850,7390.988
80702,79868.91
26377,41646.168
55677,61821.992
77385,50776.402
23477,24806.334
28581,25349.043
68768,79997.22
34202,32307.664
11039,7929.9595
55984,60866.75
46821,85611.445
21124,26351.262
32375,24199.033
92049,94975.92
13983,18639.613
38732,32407.592
14899,11518.462
23448,34200.234
40779,43458.93
49412,60506.367
57482,62498.684
80229,85641.58
185460,134381.56
37235,38453.08
74284,68824.16
32650,33699.875
33259,29753.51
30665,28015.213
28973,41939.8
68719,63823.285
33986,37597.68
39409,36788.227
41767,41201.254
94559,70307.555
45887,35883.22
12884,10952.1875
13139,7818.2964
66108,60023.332
53489,46921.617
61005,53610.715
64135,64854.598
46157,49648.285
74278,63251.906
76459,61383.707
33931,33308.945
95842,88387.17
48114,50425.977
83131,62221.38
60598,54375.9
13847,23334.09
49791,48537.945
58726,60143.746
73845,73685.6
94936,107932.56
9808,4576.163
75758,86966.87
51377,50497.824
54869,54399.848
97343,90069.85
66017,68793.32
22396,20177.225
57189,63228.746
60403,75234.26
86117,84832.766
21578,25828.922
42243,41448.008
55332,44440.402
21525,22846.295
41026,38503.266
68377,68353.96
64543,55296.402
59189,59590.082
42053,40425.11
46693,49371.008
69140,76143.08
19164,15661.376
19663,26826.293
58622,76385.74
59009,60952.504
24600,23357.277
100102,100541.43
43901,45126.793
47482,45103.113
41754,39562.527
46774,46422.5
31831,38546.113
59378,55109.176
45035,47380.125
122865,83815.805
44319,36753.164
62900,79506.26
19649,33057.797
41928,30227.734
8334,12800.911
53477,53345.46
53204,54890.09
27502,39020.15
48832,47022.094
95302,61651.25
57484,53720.523
79338,85815.08
29678,35862.047
95657,105373.67
149457,150781.03
67263,57998.574
58404,68607.125
98339,100912.37
91402,109630.08
46981,48479.48
99784,90996.234
28196,32705.771
44184,41722.215
48373,57322.562
63851,58154.844
81965,93069.75
112706,119388.555
55851,50479.51
27907,36629.402
70128,73540.6
45860,40288.516
36681,52026.555
20968,16598.656
84278,61880.87
53718,52877.477
117451,129009.34
83488,93106.11
97230,66659.586
93985,70175.234
56334,57155.53
87720,99728.57
115544,102593.57
23309,27008.617
76383,59750.242
48019,59214.277
90584,78720.766
58906,58415.49
52606,48878.5
65574,21512.383
73405,72465.2
65910,77290.49
62821,65779.766
122323,102419.42
59854,55663.656
35773,45566.227
49995,39410.758
64626,58513.48
66121,49034.17
101002,101236.36
31021,39152.438
63637,55448.74
68473,80129.54
22837,12052.743
56168,49939.133
41931,42197.88
129299,106989.54
70217,71117.86
45971,73096.49
54846,66002.74
36064,35885.69
99265,83860.36
59962,56105.41
33508,29978.842
61957,61886.824
45996,33745.082
102627,109660.58
100582,126581.52
23991,26057.309
72816,69162.96
68536,76284.28
54472,50711.516
117421,95505.2
38475,34183.387
69231,66036.15
77693,77863.64
52778,58042.39
100158,87659.61
114897,106794.96
6667,30641.807
42633,37033.688
52174,58070.75
41698,41226.19
55321,49423.63
49424,55095.977
51610,50116.293
13717,14755.28
96522,96100.42
64148,64610.617
62488,58260.54
22966,18188.762
81562,80855.18
58824,73712.6
91530,86328.55
50605,48922.383
53684,45355.465
25218,33967.438
89030,80266.21
62321,73486.14
52388,40930.723
64028,65379.89
86794,65633.48
60443,74108.695
41512,46630.477
106557,88712.91
12206,7190.303
70708,66479.93
12217,77583.42
77616,75701.54
51625,46803.715
62571,55887.906
20391,27511.24
5881,3397.7463
11803,19840.982
96775,120336.72
36250,39378.156
95276,59658.797
12768,23589.195
86064,80345.516
50692,48056.473
14244,7141.8247
74252,57223.83
54802,57916.996
44064,46353.76
103445,86714.13
54115,53282.293
71944,49403.01
72543,80105.21
45985,43399.08
71421,62818.0
46427,58410.88
14015,15003.53
98986,95234.89
57564,49020.457
50725,50592.527
11628,15289.179
36156,29890.172
44232,57585.688
61671,69625.65
78784,67614.27
63757,54291.473
60550,57401.89
55551,56650.133
38416,46217.527
94042,68750.336
64168,68740.35
28182,37230.125
42695,37519.223
54349,51174.715
42145,50903.465
13080,12601.563
88506,99454.28
42405,38412.02
61995,90049.46
55107,51383.723
26783,35975.727
112938,140690.17
80616,67234.4
52158,42401.73
78081,72415.016
71429,78379.34
64235,65629.95
62605,73909.91
47459,45942.43
53706,59839.38
15152,13199.622
34212,35610.99
55411,56738.473
30603,26299.787
6951,13582.999
28474,29601.752
55861,53182.31
80460,76220.3
94248,91388.83
25745,37477.38
54823,76305.875
8000,18785.281
19674,17651.06
48938,59781.777
54155,79321.53
65642,59110.195
41336,43309.87
57888,33390.277
48121,38372.6
65898,72305.95
64003,60497.73
61771,63958.22
21030,31000.107
44831,69013.76
59327,60654.184
100970,79088.36
58429,55299.0
56154,54566.207
8236,11663.162
67263,68974.23
50886,45511.242
55245,50820.668
64298,60288.805
63242,66038.766
78822,77284.836
67018,74923.92
69733,72099.22
63684,51408.44
52992,40046.156
78889,84459.81
55666,52039.707
68354,62591.613
44098,47710.664
87579,69167.07
10737,8167.2456
42323,47885.18
27344,33987.64
44342,45221.56
30497,37297.78
154363,119475.37
100095,90992.945
25296,33048.836
33897,34956.242
47273,49137.812
41021,38107.273
67871,61506.523
75682,67747.58
7143,20265.86
53677,55466.574
38122,44018.203
25391,16885.516
52504,67165.77
37329,37628.31
5691,10219.322
37022,40420.37
47000,52297.08
50608,48192.594
24391,21001.768
87570,85576.15
14064,15762.237
45277,41033.258
83178,72521.75
141387,133759.23
34214,22143.848
75163,67630.76
90379,81414.34
80910,76925.266
56452,47250.758
39508,40864.285
91021,69500.39
13377,13434.14
57568,61302.734
42881,60326.61
51187,49226.785
77858,64969.88
53881,60251.12
107517,93825.84
62957,50493.617
46952,46141.453
88677,91447.95
110803,103038.71
62939,67179.05
57408,59023.004
91452,90592.98
108466,100252.96
77168,83065.64
62067,60634.23
12162,14805.159
19029,30338.35
74471,75763.79
25538,28512.479
73988,82743.96
28063,26777.309
18087,37391.184
16880,14337.752
20590,18502.604
23707,24775.768
26923,32243.963
47238,48056.316
25943,27270.994
44316,47167.824
74819,63567.105
52832,51206.55
27115,25132.188
43751,39241.113
35481,32815.277
81204,72817.37
42716,51130.24
70951,56455.5
66252,67269.58
42237,34390.31
46641,40537.83
69502,72156.984
19231,19921.568
35260,37965.46
135880,108623.586
55692,64341.055
71972,68803.57
83602,80532.89
107862,113497.17
60241,49386.168
127762,116687.555
51252,40145.105
42780,48274.797
56491,67511.11
49149,58148.004
30540,33090.566
44833,38141.32
50823,47970.15
88119,107459.734
91615,84479.164
59981,53124.484
57543,67792.02
75604,74792.11
99694,84023.195
65635,59184.996
57032,42499.77
40275,51587.664
56023,58311.18
79423,67437.26
37366,9581.1045
56045,53930.117
32315,45820.055
20064,18496.072
80438,71631.97
51365,46675.188
36482,21787.225
16323,18406.664
72203,69567.64
43000,60919.32
22936,25388.734
52632,54599.71
24891,22177.275
53314,60441.824
72241,83850.63
66667,57791.414
72267,47924.145
29848,26533.252
10102,11390.944
57603,64282.965
45770,49197.38
60228,55066.77
59388,58518.52
71819,55669.62
55361,62998.51
66383,79257.58
25768,24506.213
59416,56825.8
52662,51640.227
89557,77162.92
106593,92202.54
78432,84238.445
96342,76823.12
87837,86352.87
65233,68932.81
16176,10333.131
97806,106432.6
34182,43075.35
12223,16030.679
23060,17352.812
36250,42758.215
66383,77861.336
54870,51155.414
84076,44276.17
46436,49111.047
21774,18333.686
46429,53489.188
132010,115758.64
82182,52445.523
55336,60241.246
54846,66588.89
61961,62213.99
54418,67998.94
115458,96621.77
29359,34254.28
56687,51934.36
16598,32664.71
35569,33850.695
60996,63523.203
70102,70805.11
48230,55091.223
51882,50818.145
52850,42648.793
14427,19249.525
113608,100279.13
26464,19588.184
106152,61227.98
54198,55310.39
40639,48904.6
20000,21055.219
23419,13481.542
94099,88591.8
10982,18392.27
23656,56937.02
15231,18934.322
41515,43065.844
57523,53093.258
75920,73845.195
52414,43367.598
23589,24440.484
57600,56376.98
78652,94374.07
15840,12003.274
27594,35897.543
55626,59074.98
111626,90737.586
64498,60735.863
34185,44220.63
56452,61006.375
104652,93770.32
40737,38220.676
78538,61108.3
53241,73535.36
61265,64169.824
56184,61923.586
49284,54305.59
57390,57394.758
19415,18343.092
32361,39073.625
41081,36941.56
42778,40100.043
37612,35106.0
43376,40613.145
16432,17945.068
70297,64324.56
45012,59023.61
53963,62903.5
39666,45625.42
5784,7514.6396
81864,80181.586
38635,35766.277
109135,91767.0
85973,56996.887
62208,90282.766
51269,52255.855
56004,43576.875
87433,88006.68
30228,27105.277
29799,54498.598
40473,47943.29
44886,38811.16
13764,28939.133
18766,16597.586
56000,60119.85
23158,28849.045
41386,43246.55
63974,75007.15
55785,63709.832
70298,72673.055
8198,4259.0454
65816,59441.477
68724,50104.664
43808,38074.35
50667,53194.867
88151,99075.625
18826,18077.738
17222,9038.356
45000,42228.33
65158,65316.29
51720,58473.5
75954,80932.48
11515,13205.614
101383,95152.79
28152,39404.05
35394,30920.541
44321,52513.61
73454,71482.19
60327,64629.31
48774,55072.848
54125,53928.88
30906,32535.98
53078,56906.188
13334,6676.2656
15688,-10045.587
18779,19523.078
71081,78179.53
59646,68103.266
21667,25685.088
53683,56583.55
87543,90683.74
43240,39118.504
28839,32236.27
8425,2993.1045
50280,51208.176
48098,54227.305
59396,38597.37
55057,58290.266
40634,31859.035
37314,29246.271
77438,73063.2
21563,26954.305
62561,67337.69
55073,73632.96
23986,21471.682
54831,55981.33
60177,62526.98
63113,46518.348
75248,87939.04
6424,5100.9243
15098,14615.985
76943,74579.88
93694,76393.21
34191,31844.367
66219,52272.93
14362,11892.901
49919,45313.547
8423,8998.89
8362,10631.624
12709,17766.26
16752,18844.098
15764,19082.955
48372,41176.332
63873,50026.35
22168,29051.217
38155,35579.926
93778,104175.234
28910,25130.502
16402,14768.719
11628,9358.114
47481,38402.97
122830,112875.76
9715,9242.733
55891,49250.477
24499,18553.77
73192,51828.855
29460,30031.566
56674,59643.027
28202,8955.956
41593,40272.5
65661,73578.48
17063,20723.898
80738,77376.15
20882,21176.426
63365,67469.92
30875,36356.406
42011,59478.613
98980,105369.76
21660,16920.29
55605,69111.37
33924,34466.58
6531,11135.602
65729,67126.05
95297,94087.91
48395,48266.99
79883,74605.18
50857,56764.88
96093,80476.586
25550,23168.65
87152,88379.52
43685,43899.516
45313,33845.273
54319,51079.0
97371,94282.234
67969,58299.215
60414,75781.46
24846,23017.8
72455,85706.07
45935,37578.85
50685,43167.203
85288,78519.836
35969,33661.45
30475,30162.217
43379,78594.266
41068,45170.617
25930,25965.188
67861,65144.84
58971,58103.906
47894,48068.375
50793,56103.523
49910,56521.12
58487,51263.965
84111,85190.91
56180,62680.35
13221,9440.29
72797,72961.56
29941,22638.215
65590,64530.67
44759,52066.66
14375,9025.276
12197,10180.533
27222,49403.78
58917,59271.02
70743,46588.367
40369,48844.703
78760,48942.797
67799,65521.09
36342,30974.764
57662,66681.74
44187,48068.24
150133,152433.12
32208,31022.438
56250,64687.17
68464,65139.258
25489,19901.686
34096,46915.8
38239,33427.0
45767,30114.658
48327,52214.77
15326,23231.84
37691,37666.21
52911,57992.645
67989,84273.71
66562,54790.14
14008,7714.101
36639,29533.223
39245,33165.758
92032,58536.887
67258,80828.46
73334,77548.84
42513,36442.457
59922,53602.43
84323,80325.766
27782,31937.94
59499,55600.305
47696,47899.1
47280,57286.176
44016,45887.34
29125,33398.395
47510,40950.812
59061,50107.242
55538,48614.96
22331,25373.566
18826,13191.044
28685,33124.14
64132,63172.445
34424,43605.164
91250,80771.27
59221,57216.31
66313,55308.613
89814,61200.15
57143,55525.02
87953,82896.89
36358,32677.83
30776,28035.379
52748,52320.81
45349,41912.29
15132,20020.293
35734,38030.41
21420,16914.021
100214,112414.08
28556,20282.104
17308,21644.756
39890,44337.254
50000,50248.258
72936,61721.17
19642,23107.47
32667,34862.785
31310,40489.992
7121,14856.41
32089,43772.53
75124,79823.03
53684,51619.895
60847,62249.516
59277,68818.86
19177,17957.598
68267,72747.76
85226,87172.72
83825,97096.56
34356,33502.64
73256,74763.86
124228,93585.81
42062,41411.37
19247,40479.406
41628,37524.96
36050,34039.31
34422,36311.168
43348,39421.855
98656,112257.92
66965,80686.51
29537,24229.38
68716,65064.074
21402,21534.812
83334,82909.53
67258,71782.05
54950,60822.395
60103,63714.83
72089,75753.34
13086,7705.4204
53640,32525.918
79415,75151.336
86309,90177.52
24048,55762.168
26680,32932.39
31830,28218.09
34865,36104.598
23024,27537.16
82293,80985.28
135594,126521.24
51067,76205.414
32480,40908.48
21180,18357.932
32843,25699.848
61846,56138.824
19839,22649.285
26248,59463.887
57401,54910.53
58038,53465.37
48316,45721.6
35610,34338.094
23077,28181.201
45546,45475.117
46281,41900.883
12174,17826.828
88770,68063.46
34211,24563.588
63560,74927.16
48105,48863.86
65429,68134.01
58442,54437.516
70000,81547.7
84131,62736.113
71057,72917.45
61053,59581.914
48293,50590.812
56586,67935.33
84710,74711.09
58824,46640.76
55950,52643.883
110587,91385.26
29338,31317.586
42167,45371.918
49662,53924.793
99839,94794.61
60924,71561.734
30267,26052.305
127728,122204.95
35676,28873.596
36481,25269.531
46615,52632.477
9000,2718.7234
54637,61611.484
207598,277249.03
58775,44511.297
103182,90400.08
40829,32115.984
55193,33923.285
21928,20520.84
59828,60838.746
50782,46602.43
46199,57011.496
93010,86861.05
62208,64818.86
37884,39127.01
44669,48523.43
22733,22535.266
62292,58685.17
63010,64237.332
65751,58305.793
58016,53637.312
97014,99095.164
66574,56009.65
61609,49023.945
57878,82943.88
29518,20397.418
59279,46538.516
38686,47756.67
52062,58285.242
78092,95823.11
47311,34505.9
34988,28907.406
60142,74368.945
81550,83075.945
88955,77053.336
45096,42701.785
78233,77773.35
79153,76858.85
28730,45508.63
84965,77953.37
31098,46682.113
61438,60130.42
84800,59648.188
54776,49325.004
128926,133428.92
71047,63209.902
63457,37633.61
23735,27062.023
44556,51140.887
29932,37883.99
46227,51989.344
62673,69307.484
19637,19791.63
13888,19860.24
49877,39213.105
66882,76538.766
59206,60792.74
24214,19102.143
64103,52552.793
50099,46556.66
47004,61817.758
65632,82617.98
21506,20633.254
50050,65174.15
33981,30888.857
11331,7977.1704
55386,68041.09
83917,76135.72
7750,7447.31
41032,34463.98
11327,9355.528
83043,81116.16
51603,44999.758
78311,78489.766
46743,64108.12
27916,25810.977
103134,109602.0
62651,63172.0
89574,70673.52
45954,45034.57
47979,43169.598
68587,77521.56
69664,48294.723
59473,64568.17
40150,47329.836
42984,55254.156
13928,13150.0625
56032,54184.074
39127,49672.836
13335,35564.855
32966,44390.59
61958,51442.723
103463,98904.305
12416,10894.567
21556,24560.516
59659,64553.152
54238,60480.797
34024,41162.805
27794,26918.31
23135,67396.16
63134,68545.336
59912,74904.73
33357,46740.81
74242,74004.086
42098,32997.508
51477,60065.69
47105,37604.184
91178,80285.34
126667,103996.26
14223,14106.823
55769,70858.28
49592,49782.965
77077,60436.27
54981,46505.098
161156,144764.81
82978,78514.5
50569,45833.516
48215,54838.812
32101,44022.3
30589,31860.008
82690,84776.836
81403,69358.17
112124,117646.48
67091,65641.37
86625,65028.184
81790,65654.36
54680,48267.574
48954,48247.215
57678,69138.445
21386,26381.496
60939,62845.52
101628,116865.51
33395,40801.016
95239,88737.73
53232,56176.88
44079,50721.996
92546,76614.98
19348,20392.918
23438,30134.941
64484,81871.36
11817,7080.521
58982,57981.617
39604,83596.125
86055,95277.98
10927,14030.466
31907,33612.42
41811,37597.133
88539,90615.3
52874,72036.66
134920,52448.633
42657,35685.53
84230,74950.516
45710,57820.816
55827,61484.74
115901,104005.08
30841,39665.797
69941,64130.902
86044,82700.71
56033,51848.78
14737,28543.73
75119,83001.44
66035,61468.223
43127,42408.4
89384,83241.414
33215,42847.57
67206,78791.11
49248,51033.453
27719,34783.91
46617,64212.152
59306,54000.688
64141,55924.387
25439,29304.424
46875,56160.637
15601,33458.223
87143,73678.945
52944,54818.37
54451,51223.133
88414,80049.33
64087,53820.363
25821,48064.336
11236,45676.33
69575,73181.83
45779,52827.766
10800,2461.9746
64622,62968.28
94287,121329.74
39904,42788.055
75503,86966.05
64292,69353.78
49031,44173.195
33971,34655.43
108103,89634.12
35647,33735.734
53648,52144.32
58413,54497.863
86089,77873.016
79746,81677.664
46228,41583.402
36526,30709.031
74269,79659.61
48331,46499.203
32990,36526.113
50172,59134.027
54458,57436.43
26408,15984.241
83317,82836.78
79644,94099.47
60465,61881.184
61168,70119.84
144649,215676.19
87479,69410.77
81082,87472.45
46040,38661.78
75504,57559.68
63049,62004.656
43474,37564.145
25455,47349.637
46939,47229.18
92526,86629.35
73308,82178.88
45445,49982.92
65398,61969.727
79315,70931.08
85441,84697.52
41250,45370.965
13334,16081.491
51771,55084.562
87195,70966.01
83762,64406.67
146823,122216.91
81095,95490.664
50067,67142.195
52726,49460.867
160184,199372.27
88828,87562.234
76959,77320.42
61455,54362.4
14066,12687.909
87184,86095.56
96305,103735.336
63427,71991.6
31656,33572.043
137447,133652.27
20317,23260.666
62500,68778.8
9952,23603.357
10861,9614.856
26545,20346.137
31724,28506.01
17304,13026.114
49399,56009.625
60573,41162.395
74080,85692.67
25004,31297.273
80870,84148.71
92232,93927.09
48124,57151.227
78707,76646.33
114464,112490.45
98400,103847.31
10596,21523.479
42683,48379.977
5723,13713.614
14048,18330.04
46194,40750.746
84680,100578.336
61619,47664.363
55352,50732.195
94433,90096.33
71951,41059.72
89431,96316.26
36401,31726.324
42091,43138.84
65011,67336.125
65103,54879.656
83071,75531.81
60963,51315.008
99971,77323.875
56353,62079.797
88609,94164.0
90362,78445.68
40810,43229.246
55000,64636.05
42599,34011.227
38788,35834.715
46100,38130.133
62397,58064.58
48913,52001.113
73006,71456.67
64966,68510.13
65715,54951.836
19459,24112.639
32435,31505.018
44355,52139.176
64733,62475.14
36412,37934.836
80228,74768.88
49620,56491.332
100530,102780.94
58741,59328.676
71429,57849.418
92474,79056.69
32644,47805.285
45091,46388.99
62864,58331.457
48558,47261.19
56013,60770.56
16879,14359.36
59147,57769.71
44682,46014.61
64450,53756.375
67728,80092.52
18645,20559.076
28258,24559.459
64598,69355.73
124638,108786.27
13778,9258.567
75521,60868.785
35669,31573.963
72875,46505.52
39557,26155.58
19337,25688.719
17000,43190.035
23485,21644.068
77777,76967.19
72299,63792.754
89122,90765.37
21722,19942.828
61412,63774.863
57582,62158.16
91973,72994.09
15454,1385.6072
76625,70588.27
49680,59040.957
63074,74204.664
52231,53666.668
38557,43557.047
61858,58463.375
51352,64239.625
42061,43812.805
102516,85781.49
105799,101052.8
61402,79875.555
85427,84372.02
18685,15077.811
14578,9439.664
38689,35354.387
41552,65506.754
61367,47884.6
59599,50107.836
98921,106843.99
41912,39206.42
48448,31110.27
23334,17875.387
119367,92905.445
8971,16375.613
50989,44025.625
89286,92015.15
7948,6777.817
36747,22346.793
62898,88898.06
103962,98873.93
93868,89417.5
109252,102634.22
95131,79146.88
48771,50896.2
50556,55674.117
61356,61007.598
59690,59777.777
33103,27838.174
72330,73416.12
28876,22990.578
71812,63999.895
85715,75405.03
58864,59698.48
94005,94265.46
123530,94062.22
54550,33788.7
59580,58601.113
53200,51009.96
59824,53332.727
100930,100157.52
94833,93292.555
53337,60229.695
40297,43535.918
32287,33714.48
33789,33507.09
60000,38124.043
58122,57767.992
284300,152369.5
23735,22014.766
23927,22374.408
108890,119600.1
79313,74848.63
89041,85860.43
19800,41724.42
25179,15469.819
62927,51506.89
59912,42364.125
45814,35978.625
28963,12802.767
79822,83389.11
43967,43206.5
33799,37202.38
63336,55742.51
34445,38747.91
33363,37616.387
179967,147603.28
50832,50354.906
94416,99433.875
82016,78248.86
63588,40068.207
47370,42604.06
19881,19876.59
57571,63279.242
43978,45932.54
52190,49534.57
58038,67540.91
74832,73101.41
45477,46705.84
53710,59999.824
67750,73973.3
44187,51139.652
27866,31655.135
38248,40514.66
23452,26901.94
27465,31134.115
35814,32591.332
82872,81995.28
72858,83340.37
37059,35671.938
62006,55408.934
59975,67388.43
31267,20416.271
59109,49703.266
102616,61687.273
49385,44471.45
80249,88608.82
24483,30057.004
97135,99551.164
33804,62550.617
88265,75682.945
13122,21288.053
19937,18853.281
31699,35555.277
60413,66851.57
49013,56733.31
72020,78385.92
59755,65102.617
60610,40160.26
67520,61679.438
84380,101535.17
17334,14969.404
65000,59755.883
16221,22955.084
57220,51146.04
132616,134754.7
47750,53988.88
44653,57032.582
66154,65918.32
81910,73947.52
46768,50186.258
82597,98276.445
31667,23869.271
43662,47430.49
66959,74254.18
22803,17444.676
12863,16095.407
60075,58667.45
14967,18270.652
15301,6264.645
79893,88446.734
26230,32306.895
76286,91985.92
120077,70668.055
57149,58763.31
22208,18464.303
44897,41649.19
47250,39763.76
16667,17752.557
100752,101632.31
60345,70122.16
38670,40342.86
51963,51668.367
35983,36868.76
20477,18088.238
77142,77344.125
88847,73536.05
58236,58514.48
79717,75438.95
21108,23840.73
86495,99584.95
73454,126082.36
64501,63578.94
28339,16004.608
67683,55440.73
11484,47821.957
50667,61641.875
116334,65248.49
120342,140178.56
54243,44551.457
18682,14436.087
57984,51316.527
35072,33549.26
68553,66164.96
53278,79439.26
59136,53075.414
55032,60433.39
79927,79122.38
9091,11519.797
31259,38438.95
58878,67955.94
68897,61414.1
54413,56824.535
79688,61278.234
192574,146132.72
59627,70936.22
10867,13425.588
60854,64675.086
13044,13050.021
33334,39446.81
44342,42555.895
43323,40967.39
30557,34188.84
10486,10478.553
52500,53668.164
60114,64561.03
15000,24168.129
35909,37309.734
81561,52592.312
39371,32621.496
49424,48838.004
98756,93434.664
69661,75015.48
27945,45267.613
17856,13348.879
17019,16088.058
75056,52966.418
70759,64686.004
65853,64532.453
13411,15984.808
64630,48497.977
27610,27910.504
29433,33719.95
52200,63406.62
74099,56823.69
7877,-9326.615
64474,78667.49
63085,65968.56
64986,66868.75
29777,33938.582
24045,21436.025
45084,46979.88
69330,68318.17
22663,19071.957
70000,67843.09
72374,70298.9
21225,15681.226
66280,61730.23
76646,66852.75
44529,53335.586
23323,30035.324
46293,42636.7
20000,16918.973
75374,82009.99
37736,32935.81
56819,64889.52
43210,34613.66
188680,86916.09
42663,38907.902
37736,30930.219
64344,64843.254
99729,94331.22
16667,20669.148
64429,61585.938
14727,15111.258
73856,78804.336
28862,27968.273
55086,36020.36
72341,66669.41
64121,60853.93
109087,102809.266
40015,42503.28
20221,20486.309
51827,51455.566
74339,65076.918
50840,43605.44
79943,76035.76
73952,70377.72
27588,38677.418
112962,83109.42
47900,39947.086
65184,57642.164
47343,46411.613
89304,89982.67
20437,16427.947
60466,69175.24
63181,51531.43
65910,62874.09
52879,59329.074
47455,43745.35
13954,12726.315
21761,16900.79
77149,77934.11
59319,43955.0
53000,52098.87
32748,38608.332
153693,124033.22
74276,68588.78
49423,50747.945
44442,43840.074
37793,38282.723
24388,23215.18
82455,88812.305
20942,17858.78
50022,51732.363
34014,43073.97
69319,66277.734
29574,45037.023
21037,18741.156
119986,100388.46
138594,109042.74
47129,56879.24
23549,29133.527
106312,109117.12
27141,36039.258
75782,71329.97
14222,18895.355
66042,50143.152
46783,48955.473
13494,22068.094
42775,49522.836
57003,52684.086
48935,42517.96
33055,35294.785
9434,14910.228
54586,54477.87
58503,58228.035
73977,69887.12
19103,18340.027
82511,92684.055
23865,22393.314
73640,51969.887
96552,97361.2
45830,70362.67
89660,93753.59
73610,63490.91
11016,26827.074
62898,56115.85
24827,32248.918
57996,60580.01
13794,24833.96
115806,64464.055
16614,14995.7705
39168,37024.24
76512,78989.8
41166,32166.973
86419,72529.234
76436,86659.6
98959,91709.58
86881,81543.42
42359,44076.3
35262,35255.363
11887,16085.921
111514,106497.23
101111,86276.41
43966,38433.24
54188,61063.457
16242,10022.702
54876,61162.582
49584,60400.387
34621,29097.14
132719,71898.48
40146,38808.184
132072,96593.89
70492,55814.176
36645,39963.918
67965,71829.76
21808,25911.402
58218,65311.824
60452,50094.98
82127,69272.26
47329,46837.902
77182,77481.96
61717,67614.24
11350,5813.06
54222,62312.758
113971,92196.68
61426,64957.375
45862,48189.113
24699,26979.254
43637,49690.453
96412,113106.04
72510,64615.723
28750,25119.395
68537,72549.52
16162,14398.647
27943,38820.746
83502,98553.914
85270,96783.43
18501,25142.916
56540,52497.855
173702,127173.52
57693,67105.33
36837,38835.35
47962,50681.727
63144,63670.94
67412,63681.082
44944,65445.258
41218,43244.26
76324,66215.055
85928,80196.4
88599,64040.96
20193,54970.016
65193,58129.035
46500,45856.195
77269,63053.434
36534,42015.098
33028,39559.598
56075,58379.676
98118,89983.91
41732,44791.43
10910,11441.514
8759,12295.335
11757,13637.41
33933,32112.984
11019,9586.693
24469,21766.47
57927,54591.89
16488,14131.015
75838,56934.574
10895,9677.199
75103,87107.75
55175,59686.297
89852,68979.03
35437,33569.93
42951,47880.977
50467,48393.457
80405,52558.96
109349,91479.36
111186,134748.11
16349,18092.201
41400,38874.723
26963,23063.441
59414,60457.582
64597,61241.465
42953,41240.08
61680,62686.383
256286,207221.17
58837,58334.95
82598,94895.89
103156,96099.586
67241,59261.664
45644,23980.19
28800,30507.463
60037,61190.78
13889,14414.0625
91852,81877.38
272688,259413.14
68750,70984.95
11429,18025.672
43949,52128.492
7413,6927.7417
81613,48053.66
59462,73086.01
39841,41281.18
55468,54132.234
60232,64981.355
358593,265939.56
43800,37126.406
66158,80417.78
59067,58820.66
60000,55554.46
51404,55825.27
64972,70428.484
105753,125735.67
50122,43257.87
47412,42996.086
51978,38477.566
12178,16832.469
33716,40398.7
43372,42443.426
51365,55463.01
39576,66061.375
17375,12098.678
49702,44902.188
79424,81467.89
82697,75531.92
25391,25906.72
49513,45210.867
27339,41463.184
70285,66050.53
68677,60817.027
41068,42620.62
18057,20748.682
31519,32861.312
55378,44815.598
38462,43428.38
38692,36503.703
47138,47316.113
68056,55504.656
42858,56530.938
67474,66375.94
40613,42358.38
53352,55621.29
55479,48486.535
78948,89106.875
64460,61362.7
14527,14121.464
57551,56237.203
61375,60080.098
60503,72149.0
50031,53099.895
28459,24005.637
39046,44938.08
57977,54354.8
67900,67589.87
127820,115117.14
82633,81951.41
35324,36953.605
65240,68968.555
52785,54477.52
69719,87826.35
43915,49662.81
70556,93657.43
21662,14986.093
7698,15775.005
58485,59162.652
42602,54337.152
75092,60842.973
57611,53610.508
63052,58890.125
44286,48004.492
55600,59733.05
90625,95427.58
76473,73228.43
62616,56968.35
108685,74766.1
34926,35292.86
101273,116237.695
49687,64151.816
25325,21644.893
79349,78224.016
61321,62921.465
60196,75257.7
52095,44673.688
47808,45094.137
80428,70322.75
60438,63483.82
62974,71643.445
86193,77953.234
11112,30315.695
47273,54966.87
128436,91858.87
22717,18249.479
93549,103303.4
52230,61656.32
85675,74713.695
45644,38886.64
74416,72176.73
15913,16595.666
76953,64619.348
49318,60716.49
66066,67376.27
42079,47081.645
52450,56020.836
44403,45561.72
17642,24119.492
53223,51372.965
23167,27944.893
101645,92272.6
80106,81865.32
41729,46026.64
74046,75555.93
67955,57329.93
22833,31057.666
116898,122973.73
88993,74765.36
68529,85961.1
59110,72926.25
49989,51835.934
70695,59349.203
60395,61341.63
62850,64962.668
43840,48612.574
63700,66995.586
53416,43474.48
116667,110602.78
88841,83262.83
51000,51857.49
66631,57152.527
96742,52935.63
65259,47191.9
117922,125236.9
62305,63272.336
41619,33739.254
91247,104356.52
13375,19847.555
58294,57086.67
44924,45089.156
66712,73194.8
75489,77516.64
24230,23711.512
81869,68217.695
67523,82416.125
36408,22563.895
64049,54160.46
71213,71539.56
53802,59636.836
153554,194936.55
85409,57559.965
64920,58642.75
80120,80576.13
97958,104701.13
47343,50255.027
67267,59225.223
44381,45306.805
90933,84606.65
62197,56404.402
31260,23855.674
24759,22446.365
45846,49868.883
59434,63333.88
54223,50124.54
61264,63813.777
13914,21821.633
23460,24713.871
73574,69979.38
110742,78791.82
49426,35624.598
41971,60075.484
69860,75731.78
54233,56510.996
58169,59604.73
15751,20787.8
18652,20702.893
37672,50494.074
69871,56686.836
42498,43552.87
38206,40157.137
83678,87113.12
27631,38154.617
73828,59735.684
63644,56223.496
60818,71509.93
47831,52490.527
17777,16682.908
34521,38131.84
51102,58125.848
49145,56753.43
99557,75520.57
27025,52490.734
63760,60719.816
69618,52702.625
52943,42650.3
63326,62065.156
97525,97273.81
30520,38327.836
42596,60504.074
23144,18667.02
41337,41657.516
6144,3172.462
41952,46215.0
55834,44904.477
34351,38379.07
56857,57561.67
57376,48763.6
66270,48489.88
63536,47420.33
116280,93720.99
39284,45220.727
58894,54852.99
73181,78169.93
8439,6412.653
57844,55234.11
14240,14549.436
46858,58535.496
11073,5596.116
58831,56437.3
180546,186640.2
44321,49822.03
5167,6585.7124
61972,70156.555
68669,72144.27
41695,52810.695
33493,31164.148
64591,63066.543
44458,61961.82
68773,67073.92
88029,76366.63
60948,64755.555
31214,28224.273
33831,28758.121
62158,71399.63
77409,75350.38
63639,64948.66
62717,73318.875
46568,40223.47
25305,18817.424
60885,61413.316
56015,63819.47
80108,85918.086
97874,118323.164
48784,38939.625
27895,33219.016
49848,48498.492
21856,15934.897
80905,60282.195
73784,65606.984
20755,-9686.819
41832,41088.94
34302,39885.992
45100,50825.94
84915,80325.516
12181,15740.7295
60607,55296.52
90226,106372.81
80688,77821.805
64811,60437.05
10286,17626.816
34429,40026.305
25689,17162.967
45000,46737.11
52570,52371.38
17425,9718.626
53771,66056.44
6695,9150.131
90236,80568.1
18732,19926.611
41892,45047.22
87377,72035.7
75588,59267.457
23682,36673.3
57766,56742.453
39600,35443.285
5897,6648.204
21116,23456.656
40375,37959.297
90477,88235.43
89678,78325.336
17177,18474.842
37895,68561.05
46108,51631.22
47209,62694.133
30051,32274.66
65970,67415.35
51686,40731.71
62696,72007.65
118274,116992.17
148833,143462.06
16667,27987.2
65673,68348.11
52115,49884.246
35522,55992.465
60607,67540.48
86856,79454.07
51193,55627.34
106388,94304.68
72699,74781.914
62245,61839.91
46041,62588.04
29804,30921.492
31238,49151.96
52302,51660.45
13979,16171.392
100384,82635.08
82555,72399.43
82694,74671.78
100000,87136.37
96764,93636.234
75724,75707.55
82523,85639.26
72513,73686.41
29593,42655.746
47911,59025.914
88632,78794.18
76605,84940.96
74726,68015.71
64122,57132.62
86906,93245.375
12236,14004.99
111143,108838.87
93757,85390.68
18273,17147.5
16236,18126.846
63379,84051.2
83371,97926.42
10317,-2109.5054
28736,19336.137
70527,63943.24
56984,51971.57
27275,29325.3
143072,164652.97
64846,65120.49
22138,22595.447
31721,31943.129
80896,80983.78
52275,52413.215
75674,82390.266
78528,26446.463
37244,44798.457
52978,41444.0
13227,13071.19
41968,34660.69
75736,65341.41
72899,68396.43
47757,51610.043
43799,50409.574
35984,34841.215
11478,15977.794
99833,115868.88
49539,57604.344
69527,79795.93
15205,14443.33
148515,116305.766
34924,32479.324
67387,52184.56
25642,23083.572
42800,42626.83
98935,112485.14
73203,77451.375
48285,50123.71
44417,49231.57
20902,18051.543
42314,81557.0
24876,17275.48
37667,35320.74
21911,12529.959
23287,19039.24
36832,25946.2
66501,54177.703
52087,49631.977
32158,32858.285
36468,31924.062
21325,26958.764
79782,73079.625
11545,13559.582
28572,28473.408
83327,72496.0
29082,40770.055
31740,49076.137
58308,64535.867
83947,51475.42
17252,11408.596
12404,9645.292
83239,88204.4
103805,120698.41
93321,76287.13
59876,48526.836
198823,200289.45
58315,53170.25
66617,69783.3
37551,38998.387
65149,49809.86
55651,54817.582
101837,93086.66
50991,48761.26
44892,54182.293
60547,62255.707
80000,89084.23
85958,90223.0
40852,38038.746
69286,63609.652
30194,31113.625
28449,24023.25
41080,28540.295
74195,66488.86
46024,18690.133
74232,92266.9
44759,39696.254
89488,86674.59
59191,51411.625
38735,49388.324
44638,48822.86
112260,100066.92
43713,44111.742
59647,51945.55
34197,28440.459
70770,52370.586
79202,65272.098
72151,92485.11
67670,68780.0
92069,93711.375
45978,25472.912
97618,84914.68
49797,51669.484
48859,48953.254
12132,22529.516
80856,85758.04
86598,83078.305
51377,48992.66
56275,53776.184
36080,39632.176
23282,28312.69
219600,191886.58
86787,90663.73
47836,51154.31
34931,44094.83
44950,44998.535
76295,49552.363
8423,7633.5234
17304,26855.047
94667,102696.09
64517,103347.93
86691,95750.18
75591,66825.28
61721,74393.83
80892,83122.33
15582,16706.559
166423,179135.17
12634,23197.809
39661,35800.242
77253,54373.76
32204,32227.814
44103,32696.814
78053,57620.8
33427,35726.727
15444,15043.726
84293,71854.04
44624,49297.49
41804,52660.63
54819,53772.082
60670,66754.1
19102,38557.31
38322,38342.37
46039,40047.57
56863,57123.777
60719,52516.516
48114,41536.156
60130,62784.7
51644,47719.984
73734,69578.18
84858,81021.83
56250,51320.85
52130,50883.42
56256,51939.39
100357,77076.27
42347,43918.41
52179,50202.87
9362,6693.627
59437,61753.934
62421,61536.727
59873,59139.05
80165,50681.516
88968,102657.14
47204,51181.23
19132,15108.578
41493,54710.348
17181,19284.834
73503,78248.29
23807,40743.625
71943,63893.75
21848,28617.977
63358,54784.05
57544,63156.633
65424,56917.004
58626,61566.43
18706,23422.688
59850,64999.188
58481,65725.32
81990,117158.81
18817,37325.98
106963,93173.83
88263,81474.945
8929,8453.014
67548,59724.14
60187,55411.277
23988,25041.375
42079,33569.52
50105,49881.93
57423,56039.11
51098,54653.74
74797,58965.914
65658,69317.87
41112,48581.023
59993,57091.965
128071,109428.15
65295,59374.88
76514,63677.633
66667,63459.945
76179,72287.16
42379,47068.72
37890,57157.016
27985,29738.023
81587,82839.57
76306,55781.945
47475,46802.32
55000,57058.84
8276,2293.1836
53004,46978.883
63264,63966.766
53739,58388.453
21840,26003.412
44230,53764.945
56856,58695.387
38752,38265.395
39059,36637.094
33517,44682.465
77654,64291.65
47723,48416.03
92732,90566.695
98351,95988.086
25894,18549.34
45288,44542.664
48779,56097.484
53218,47370.812
79985,65171.668
39967,51741.9
56666,57483.39
61901,77644.03
69535,75394.586
46715,51403.613
34432,35841.1
160553,163429.16
75854,62202.25
41615,40602.527
59827,62981.78
82627,66706.05
88283,58361.51
65633,58152.727
53309,57887.42
62458,53092.785
82077,68935.84
52343,49766.336
74337,70824.484
109135,99348.7
41375,39610.754
41990,37737.793
42970,46515.668
28053,26478.193
32055,33477.082
51097,57304.082
63985,70741.38
84958,72828.86
77780,117177.48
27671,19626.89
63047,56511.18
12427,18987.63
18063,13504.007
74590,74512.81
49649,44707.76
70143,80298.87
64381,68209.53
102009,109266.3
22184,28564.201
38547,40225.85
20914,19409.53
99076,89027.73
64837,66050.195
51549,47761.65
55547,60521.406
52140,48071.22
62872,59412.098
104840,54843.383
12514,4227.279
38328,39241.867
18289,15681.993
69991,69107.914
13878,29000.955
75843,75850.41
22854,21276.531
63989,65915.914
178089,216069.28
22343,27226.129
43460,65225.47
47363,57933.086
64848,63089.754
5681,5007.4507
88417,63617.984
61166,71966.86
11137,12431.384
75031,71524.28
63205,62840.73
25010,22411.117
67082,77986.83
52519,55478.793
23444,21282.58
14662,14326.375
57363,63440.836
65218,66549.0
42274,31022.049
43235,52716.53
37757,52450.727
50376,50688.81
23495,20984.309
66802,74618.49
24823,23077.25
89286,85331.69
74494,72209.87
40971,48438.793
15526,14480.215
84462,83169.5
61259,55089.46
83867,61866.65
73228,64721.348
94891,80716.82
54836,58131.766
47568,45801.684
58038,56650.39
82148,85577.64
58261,59481.113
43662,53811.492
42742,44273.37
39511,41858.953
39946,40572.95
125629,104930.09
72448,62940.06
95612,99959.875
42447,37921.105
38092,47643.7
46196,46172.234
104684,109206.12
118536,83615.14
64257,60448.945
68611,70114.47
46649,34874.883
84727,75378.805
34918,50884.305
37227,39750.867
13079,10295.552
54049,37740.926
119633,113152.55
30710,26925.295
43498,49783.844
60070,57822.297
16315,20346.143
58253,57540.098
45000,45425.188
8462,10599.913
64195,62691.277
35145,30957.035
70176,65002.266
48968,53039.047
43469,44965.277
64249,62385.594
57919,54195.473
76822,65709.44
31339,33218.242
50822,42426.066
65818,63138.84
65629,90024.45
11453,16963.73
62792,57425.844
75310,66835.555
85295,92186.21
62298,68959.24
62160,50009.688
79363,96321.43
53052,60816.254
40037,36443.97
14078,20078.139
31325,31079.643
95346,108098.12
17139,22362.244
60100,60190.49
34826,35019.527
56180,54012.984
55155,61508.047
51769,49483.082
73639,70520.67
117097,112611.125
30756,34312.2
78389,81336.04
43204,45300.234
45098,39723.88
61658,98617.36
46697,56484.188
54793,56642.695
52062,50968.043
44745,54732.69
159461,175554.69
97190,80517.125
33380,39466.73
67420,72048.55
42480,43877.46
52673,42699.9
58399,59228.3
91038,83609.15
24087,22293.64
104397,96242.55
65360,69988.65
72919,65098.1
68832,74413.34
59920,19587.457
28531,38286.94
63698,61491.156
17364,13840.975
42631,62356.586
81615,72786.24
16302,13468.038
45179,46321.39
47699,51227.76
22296,22673.104
99577,72773.03
4226,2027.5684
51870,69400.84
39526,41103.246
65910,53888.76
9243,11111.393
52632,53556.543
83420,50013.98
57013,57525.8
40298,39229.938
23350,14296.824
65275,48695.703
68115,59632.7
72627,83621.58
83334,74734.9
40558,41106.246
66366,70779.266
85552,90129.46
25580,39833.1
75641,92115.58
19135,17687.957
105854,112429.27
43672,37743.33
66292,44682.418
83534,83317.03
78572,72488.4
67176,59780.84
54000,56903.055
69854,56984.766
53277,62471.96
58258,54283.254
63151,83505.62
18753,20136.527
65881,62563.465
53307,44087.95
57747,66829.69
39110,42412.85
56579,55555.305
19666,16665.621
47684,42831.133
38563,43846.266
13565,10391.855
69067,69235.805
71466,77058.375
29546,21195.137
35951,28872.922
60987,63629.785
50000,54085.234
75174,82192.6
84331,87318.87
21023,26119.45
56042,58234.363
48572,57077.79
44432,57929.043
34672,34440.438
91034,81532.89
72251,53490.34
65582,73497.23
33629,24907.488
36253,54920.188
36919,36215.47
50808,47276.21
10236,11558.606
62138,67064.61
50574,50096.246
8450,20077.662
47269,34797.06
30457,47857.836
20723,24695.9
61667,65495.125
44096,40452.2
37250,28999.754
24844,21070.242
29531,40840.0
41348,37455.156
33413,65558.06
58148,56215.35
57088,65006.117
50679,67711.836
62253,80104.95
86574,84214.18
49540,48436.156
55000,61215.535
38772,43919.227
78730,86563.6
22264,18274.523
45333,54887.88
28278,26784.975
65836,64864.02
56622,69872.49
35415,64212.297
29758,49709.8
74784,78979.805
70373,81306.41
16616,6810.048
57816,51502.16
59318,49609.52
18304,18984.14
39689,43780.027
30329,36308.21
28373,33589.58
87620,87398.164
66560,54771.703
6796,16971.479
80955,74782.58
34268,27710.848
68966,52642.34
50000,74658.83
67414,60619.773
88780,87448.36
47091,41993.047
76026,93208.625
44479,67589.49
35839,44704.406
63426,56277.16
13215,16115.977
71429,76245.65
39974,53303.055
47506,46463.54
39693,56252.168
87397,78091.28
23266,22614.242
61186,45391.156
38452,36537.355
17068,17257.182
49632,54256.54
25730,28406.705
55309,54125.14
91158,95090.85
56242,61687.457
16135,17264.16
62846,58438.953
65582,69501.6
100890,90665.34
70515,45775.01
61455,63942.207
29622,35709.88
54737,50118.824
19514,18055.604
52013,54451.164
130359,134127.45
21621,25220.102
38228,46895.86
40796,51906.66
20964,21383.1
25600,46042.934
45520,43188.426
71788,70056.41
80573,85681.27
59648,51355.4
62660,54735.598
32983,35059.848
61840,68985.94
58729,62511.918
66008,71092.06
11670,14869.502
48733,50456.61
77406,71231.26
57318,55651.266
51295,56157.445
116816,134543.53
65106,68424.75
29851,33799.832
158003,148106.03
31273,33226.2
17579,38102.594
71390,69390.31
38969,43472.484
60000,59943.133
51963,41959.703
41644,34597.152
75000,65956.07
62095,43757.438
21635,38148.12
87986,72252.99
63147,51351.66
100219,87333.57
50408,47488.758
22728,20202.748
69264,63756.855
41698,43686.598
61354,64684.07
11185,16826.643
49462,61493.727
51014,54905.438
58039,46972.574
22010,25223.87
27293,24360.098
76071,71976.78
53849,50802.344
59905,61708.44
53899,57746.207
64201,56950.8
44470,40316.523
79916,77481.1
28036,29990.918
112710,94162.91
22363,25150.521
47245,61235.992
51021,44703.6
117753,117137.33
20857,15663.506
55800,62130.98
94183,82228.85
46799,48060.89
49864,56778.523
44849,44035.223
129010,112702.63
33244,44473.137
58310,66742.11
118122,118441.08
48002,53147.285
29873,36410.61
72261,55356.777
43781,39383.074
35771,22859.133
67673,77123.47
83274,79500.67
33658,33336.363
72474,68051.27
60710,54417.152
55631,59742.65
34201,34914.543
69342,100381.25
61037,55650.668
37148,52519.766
74844,58337.09
57480,61311.2
80628,77319.08
88083,72887.305
54808,63618.664
33772,23452.016
52748,39547.434
50961,49005.887
78511,72796.586
66883,61336.867
58485,57326.07
90937,84413.266
28804,33425.844
42018,42832.957
58851,50300.48
75215,80173.305
42637,48676.504
35976,34380.965
115997,112852.01
74763,97305.3
27728,31511.48
49737,49344.176
60019,57882.32
62722,57714.637
27453,26538.426
85638,86874.38
60166,68560.22
46683,51743.883
13872,13550.741
74449,66942.58
48328,67003.94
66551,55215.56
54973,64439.703
54964,69925.94
42254,42176.49
24097,23674.475
94011,96106.086
71112,70899.734
75964,61057.855
48272,45536.62
73953,63266.777
64288,73094.875
111363,108813.9
67256,58822.414
65823,52254.45
76877,59668.51
143021,172691.45
41990,40240.92
64480,77804.46
53604,53297.582
60977,72778.31
94277,65343.406
74245,61645.184
54223,50019.13
43388,44001.22
56364,61112.42
65713,51523.87
5821,5382.9956
70245,66494.78
58267,55464.54
42533,42751.324
40732,37066.98
76557,78856.85
42825,39220.6
46828,40010.54
43359,33702.375
9005,15566.505
53124,69049.03
128960,58721.797
100370,96075.39
55495,61954.953
51145,53084.25
74730,60223.445
64855,67441.31
29025,29039.578
24421,28307.602
92242,91078.59
62990,60501.0
67903,72941.83
74159,71337.266
27636,36314.438
47155,46432.34
43073,74955.74
59384,75060.375
108983,108978.63
51146,55819.574
56743,59376.11
69205,70386.61
40787,40305.445
52766,53693.53
56230,58486.09
28661,28680.957
59544,53557.844
16917,20381.348
17152,16805.84
9541,-11682.59
59085,56442.36
44156,68852.516
138016,120484.7
66410,54171.94
69859,65430.457
63773,64084.95
22400,21821.68
69642,38545.348
27586,26475.281
91406,84126.586
47706,43301.613
60359,48265.016
81228,82697.42
80018,79625.11
65805,58031.832
56393,54138.305
32725,37084.426
55227,50379.367
49591,40437.086
15329,30633.285
76523,80286.5
56123,48893.492
13467,14407.491
52632,53231.18
68394,62693.645
42996,37542.91
60910,72561.664
34554,37452.207
60540,60705.746
42180,35334.223
60633,59925.79
94656,89508.586
83713,82990.14
68676,51462.016
96667,85441.78
98832,103320.375
77024,60861.965
55071,55127.69
36364,50926.977
60985,55590.715
15905,18785.08
93000,84197.76
58462,58775.473
62374,56508.62
57504,46811.33
80233,76891.4
63949,73588.1
29391,63969.96
49000,61454.39
89605,89850.2
70987,62114.54
63714,58570.895
41591,41087.844
52124,44823.4
21408,24036.156
115699,118569.66
62265,54381.12
75962,86908.81
17940,14977.558
101487,96329.375
67686,59258.55
32417,41757.684
111510,101386.9
69833,53221.16
87175,68329.03
33532,35313.47
76009,79022.41
63677,67610.445
97109,93278.84
43360,42069.598
30770,23388.338
64382,63578.94
60607,68618.23
38830,36714.168
40000,40656.348
58089,55069.13
57852,65568.414
57895,50596.44
66641,65871.68
80766,76439.13
46759,47465.293
121761,125245.2
18778,14515.403
64846,55737.625
60649,66146.96
79380,71467.26
66667,54749.66
56706,54244.86
106865,88767.96
20234,15358.779
44076,45374.582
31645,39601.883
24562,25414.732
27332,27361.998
67987,73033.76
60000,65846.586
90075,68497.766
79956,64485.316
56909,63731.55
37163,47346.703
29746,46625.547
60482,63566.312
54300,55760.477
75385,61718.516
10910,11955.317
6280,5920.018
95961,78048.6
42925,42381.95
117250,115892.39
60373,57031.715
23994,22060.176
28470,60875.387
67992,61100.887
77225,78665.45
50816,60502.445
90128,56091.152
52381,75444.78
34977,36741.324
55810,55358.98
44222,36409.492
56323,48247.285
44383,44222.28
69026,75861.125
59611,60990.703
48400,54040.99
21976,20360.025
66250,57729.812
28030,28689.135
72716,72235.37
64089,58040.84
23539,21856.992
91453,84209.34
12899,12650.327
47005,55004.836
33509,29485.607
59040,59173.242
94116,116513.87
47415,52435.95
60770,56195.87
51592,57849.32
88368,55006.7
54130,55772.266
11464,14044.737
74830,58035.004
41715,52212.836
10508,15191.088
48234,39599.79
22319,27020.025
59359,59116.434
27928,26806.83
57689,49959.215
60791,53076.64
32358,66996.06
50180,44829.91
51554,67621.21
114943,87158.55
111220,106988.45
82405,93783.44
57651,65607.89
102224,84304.01
52242,66390.83
7789,11711.531
64633,71487.74
81794,83079.086
68482,61392.59
28713,19336.158
45195,47615.84
84881,85317.22
40457,42127.176
70075,79740.94
88089,77351.48
48558,53086.977
18604,20439.094
47463,58949.977
125974,92688.92
27020,24159.355
6690,7542.6206
53254,54948.86
88698,54243.59
46787,44934.414
33929,38530.62
83412,67274.85
53140,52129.895
20904,18907.494
38792,54305.984
54246,53047.19
63269,58610.434
8406,11746.864
37772,36476.344
66657,67423.14
56877,60949.086
32500,35066.176
73556,57060.242
77580,83400.08
60140,68158.516
47500,45458.5
74088,69016.57
53637,67673.336
20541,14091.461
57361,54369.734
41485,43300.543
88766,82169.0
34612,44699.668
51539,57988.043
48270,43977.152
36667,39206.89
67300,66763.73
81250,84167.445
61275,57338.11
64894,92650.26
80716,77753.83
61940,50581.535
77996,76864.73
30553,37464.527
54238,55248.22
48820,54142.855
81254,71306.86
16487,21738.264
21631,23902.912
55143,58314.68
16342,24681.45
63810,63077.582
61577,60979.496
35814,41933.816
63639,57859.305
68028,46320.78
73318,63944.03
29798,31518.785
47564,51263.766
78307,77239.95
11341,18854.078
26465,27128.875
85164,81792.37
67078,66510.016
60404,58087.785
90769,56405.902
94987,84152.3
54968,55554.87
69306,70132.37
88526,102183.79
32607,46560.926
63280,59622.758
33066,32297.463
146069,138962.0
30822,26403.291
31928,40301.953
52529,58850.13
60940,59699.848
68521,72040.97
61667,58929.035
52872,45848.984
42366,47713.418
97561,88983.89
57960,61809.887
65436,73704.555
78681,73772.11
123127,121341.195
50503,32799.027
31902,56478.938
30393,34400.816
55852,51102.99
18406,15943.703
66930,54156.58
45958,52754.066
75302,74569.45
99450,82560.7
91894,90129.67
12500,24130.98
69307,69982.96
81738,91542.99
57957,54478.625
10068,29542.463
53674,45931.97
47867,43390.56
39176,27559.969
61261,59065.996
22921,16870.191
75475,81400.19
10990,20665.057
117353,71947.76
59778,68068.54
63669,67069.84
27545,23666.186
26016,39851.066
64427,57756.04
75083,75531.914
31381,31959.238
6182,5293.3213
19268,25615.617
56043,51266.547
38502,51968.004
36044,28261.57
22800,33427.566
64045,60783.754
50903,40627.992
71058,87393.836
59025,67381.43
37727,39977.406
29239,42265.44
63741,68800.36
7609,15013.6
68275,70610.695
31428,35213.35
63612,62017.12
55611,56120.574
12380,20263.223
40955,40817.145
32819,46974.617
64302,51840.19
55705,80385.61
34328,39847.54
67829,59389.695
43941,42455.113
27286,21372.027
16016,7278.898
77862,85826.195
62029,58595.273
54748,55293.92
60000,42997.066
24286,19285.53
23074,28920.426
51027,50957.426
64922,64578.35
74138,68838.17
27652,43055.68
58519,62885.805
71733,73154.516
148968,150189.69
51695,57577.004
125325,89848.66
76299,67474.47
20000,31896.016
59620,59923.562
66592,72428.9
107813,110422.375
24716,31184.2
78152,69813.68
73163,77096.75
49361,44364.59
45753,47826.043
31250,29295.72
43750,37471.81
20252,31708.316
73738,55911.633
51683,54013.168
19418,22622.766
55000,67915.93
69429,71202.4
71689,49013.527
53120,40305.71
52546,58441.777
45038,59302.723
121277,77918.08
35870,36244.5
108591,112722.28
50264,61853.76
55480,54983.613
59412,61662.547
187842,165697.23
83851,68759.47
63486,63947.863
49264,44947.31
63790,61020.31
63110,89595.59
46737,80297.555
86667,86536.9
140483,114195.57
33708,38343.43
57352,65122.1
38119,39114.707
87872,89906.86
103851,116808.95
46250,44776.633
35092,30409.625
48398,55837.42
74741,62572.734
49366,39932.7
77299,72135.7
42229,40662.004
24740,34066.277
65957,66475.9
87605,81049.3
33669,41998.73
24684,31887.156
175551,173676.16
72835,68314.39
6209,15714.099
98941,100075.1
99641,89423.516
31443,31151.908
35706,38987.594
47454,59018.613
59476,64002.723
31113,32574.293
46928,36355.477
47918,64201.207
39469,44433.91
72070,59496.324
76667,115519.12
40919,36512.66
18800,20146.99
47088,39660.23
56280,50764.426
77208,82927.125
81844,89173.89
63350,53932.86
57227,52846.965
65807,64939.883
91744,86148.58
123047,115703.34
91939,112128.94
20409,21996.2
68603,70334.84
41778,50881.113
85483,76228.61
30299,44097.582
62102,52727.465
11000,20629.188
46860,38450.453
54604,49611.562
67833,54680.035
117562,118684.766
41187,36757.316
213782,192554.17
74821,63807.586
100044,89662.625
113856,128866.336
91429,100084.44
74667,65132.367
39891,38862.883
68384,62295.52
69689,70116.42
58831,65016.355
83334,56908.543
33876,29442.65
46546,47644.1
40910,52872.215
90874,101272.13
61633,71855.59
74117,76328.93
70508,69519.664
84159,60748.26
36302,42532.637
66999,62601.844
23887,25297.379
42126,39461.746
32339,34282.58
29778,28249.695
66793,68814.14
65702,49905.48
61613,55044.082
100315,85850.664
35204,28619.56
27920,67189.3
52865,48570.625
92687,101828.4
69024,63845.87
81052,68724.57
8096,15018.612
38343,54292.38
41600,41047.355
71921,70544.71
88415,81959.14
64857,62355.2
110390,86615.66
22857,19392.102
41685,49840.375
71850,59444.766
21583,12899.277
35068,36025.402
65881,74216.43
48063,37145.344
52746,61603.918
61957,60893.492
50158,50223.4
6974,6636.692
57713,52716.91
32385,34922.45
33217,33875.92
50665,58380.81
80985,94626.016
89582,93211.18
63357,75458.695
65606,74440.42
58290,59372.785
48159,40576.387
31012,36780.9
44551,47958.03
47338,44788.97
64760,69137.92
30202,30341.678
63996,66728.08
18099,17811.402
106028,113370.39
52309,53538.37
96163,95285.625
74391,59184.203
98680,32598.477
17407,32343.953
13551,7676.196
51867,60783.863
75392,69722.36
167767,144754.45
64380,56992.707
100109,51606.645
58406,51706.402
29868,39649.418
65914,68151.9
53937,53147.945
12638,17945.078
73834,77292.73
65644,68647.09
64568,61145.855
37884,44671.32
53880,38556.81
72223,64971.027
61413,60979.24
71296,72271.67
59683,63293.027
70834,70625.58
39768,52211.867
4802,8624.829
71304,70154.27
38871,37542.812
209040,219079.0
35954,45555.6
45846,46543.36
21904,24710.088
79055,88678.664
40132,39232.652
28335,29926.207
55914,53425.016
6454,6673.0415
83721,81056.92
83492,88460.54
89942,88763.4
73376,62417.434
65514,57708.83
53733,46632.082
21140,22239.95
60564,49012.043
37131,39810.598
22340,25616.133
77931,63112.508
37310,54269.7
56613,57340.22
52647,43113.348
70880,69772.05
31330,26746.531
78900,99486.58
41634,65923.32
38000,53647.402
104919,98494.84
95891,76376.945
40662,40272.74
62993,62187.48
81662,90409.375
57600,51754.996
12404,24663.572
60739,55862.555
25051,80720.97
56454,52322.574
48282,52447.02
42791,38737.586
33495,33511.273
50371,40790.633
101913,113583.59
58579,66249.78
100096,104164.2
105532,99725.805
109650,85373.0
73377,64870.46
52344,65422.484
30971,20418.395
17871,20561.744
95629,100901.17
21611,17931.691
49432,44951.477
42950,43278.824
64170,67514.41
50822,57965.395
10073,-4276.3394
64992,60789.887
61933,61189.21
4319,12739.608
106468,78956.45
40875,43931.56
16096,13205.318
50027,44414.85
23177,26588.293
27871,35952.953
35200,46503.59
68011,74879.13
32905,20922.562
64284,65710.445
54367,56573.03
57046,52776.215
102044,107245.87
59476,63898.523
73317,82755.31
56798,55915.266
59201,52898.95
64453,51882.113
59024,53028.4
9837,14319.986
46064,51325.15
128858,120578.11
24495,17270.82
72897,90217.65
99990,109994.086
48326,48449.496
38208,42002.383
29456,32186.943
57693,72738.63
32254,59225.53
11171,18156.234
58137,67382.68
81864,82792.125
31776,28704.748
52344,43107.066
96271,88397.29
84603,85037.48
46207,52303.375
77854,70225.664
78170,80585.47
64999,75525.97
34759,37507.91
27629,37858.363
58696,47771.49
54204,59406.246
64479,51696.69
57556,35131.574
15260,13161.242
49400,43216.402
53035,91487.805
36924,38632.78
26417,31107.814
46951,44476.598
93374,87384.266
59761,52097.7
66757,68625.664
83488,85292.01
32259,32905.145
18150,20951.447
69663,64679.4
42913,42696.652
64300,55063.305
85383,59817.207
64727,66569.31
54636,62527.984
40171,36818.703
59702,49733.387
62996,56496.89
59724,56563.03
67928,57403.24
99267,67720.67
31040,28613.367
48234,39643.316
36539,35163.816
44009,49269.785
55207,63124.84
34886,48713.707
48312,48222.01
39991,39754.367
63290,57152.695
20422,20951.523
33082,54077.504
54030,50780.97
20406,16404.326
60392,56549.203
30477,29557.191
73676,74889.836
65455,60730.28
52866,40678.18
24826,27350.8
35368,47479.824
56252,56259.44
32121,30795.033
57479,58711.168
30690,35057.46
26996,24561.521
55336,50911.434
61789,65802.41
58384,56663.285
55468,48452.656
54828,60878.945
38432,48107.957
51669,55504.137
58250,55030.48
91057,66595.51
51577,54177.324
85389,92083.15
54410,58448.367
34649,24119.543
38432,40887.98
88475,79993.6
78035,80178.555
57541,61879.03
40856,37187.105
119022,124798.23
59805,58655.094
111465,109291.55
51725,58889.598
43574,46695.934
55978,57760.418
31466,47377.395
60582,40709.555
60897,49269.246
23624,26411.746
57611,57052.113
18282,26013.596
28984,21319.809
28978,29236.547
49547,60399.293
47696,32358.277
31826,32105.416
47487,42020.484
30259,20532.754
57390,70565.695
35207,44765.887
66417,57659.77
64395,79242.016
91609,63407.957
60919,50722.55
56000,63136.324
52559,65665.08
106921,99881.195
35792,41009.266
55340,58519.344
82083,76691.625
85742,75813.89
75305,81060.11
94612,96256.95
55511,55365.387
6078,7717.5166
49490,46270.547
64096,60160.11
67868,63669.273
134372,81727.47
67492,71176.08
31639,19285.213
49262,56380.53
23898,27395.889
90870,66500.69
7329,7692.6094
32324,24299.465
110411,110296.9
54308,57085.773
80533,71508.6
88687,90570.01
85787,81190.99
46729,46356.043
32298,26435.305
16176,21809.66
73914,49768.04
53410,52833.56
86606,90666.69
87169,89029.97
39850,28614.0
71474,74531.95
56773,50409.402
58084,65510.32
51114,59998.094
58274,51060.473
117531,130691.12
58566,53374.97
50584,50208.21
20066,42604.38
49670,53373.117
28736,34949.684
27320,30295.432
52632,46981.28
60872,55501.777
10847,13894.638
81550,82242.5
56913,58721.74
18317,37365.605
41757,41678.75
63125,67912.36
86243,59316.664
26304,29459.78
53133,46912.68
86724,83281.695
66466,83916.58
36853,33325.137
44412,50751.16
72457,67115.2
41944,48556.332
111510,112896.055
25532,22239.805
91842,89412.12
97703,103879.445
63876,60811.95
76809,95231.34
50240,41310.668
11482,6773.6504
40377,40274.582
48718,36493.645
30699,44420.242
19407,20205.488
86012,91109.15
67213,68239.945
47881,41582.28
50364,35564.402
130055,112692.09
57621,52555.582
38758,44031.42
89771,87725.01
49825,64977.73
35533,33797.902
19000,18080.188
52077,48181.7
39105,29919.715
18049,15860.958
22447,19825.822
32565,37783.465
63035,58544.586
66041,48208.81
28562,25681.113
55989,40840.457
74610,65838.664
77638,52891.543
17280,21946.578
86716,58350.605
95000,78992.516
165882,168070.56
75245,84422.3
40450,46222.96
107605,78683.64
70612,60600.887
125000,98225.164
11331,11664.095
60562,69046.93
50453,62535.875
28485,28127.752
62106,63292.99
19827,16720.773
38892,40344.51
76523,66055.51
53643,55340.91
76397,65300.508
211259,158781.67
29562,28256.904
22885,21493.531
7414,4854.2173
38155,36423.324
43323,48326.54
72223,59967.367
79512,96230.445
66092,66360.734
55035,44565.81
68313,58447.81
103561,111977.04
84539,86483.64
83843,79968.484
74058,63242.8
85919,69045.82
94897,92337.055
77665,67738.32
75687,79367.875
32924,39938.97
46972,46617.785
58835,56355.88
77244,76751.19
50342,70401.086
68066,67133.016
91830,86346.875
31337,30501.045
70046,66580.945
75965,76457.15
48138,57282.926
36740,37426.367
49943,70161.45
43898,39414.875
48480,59033.62
23276,29382.21
44010,38232.445
46188,41895.3
45249,53159.516
66189,58057.164
23215,21480.736
18829,43862.38
70834,75269.19
116726,110768.59
71371,75943.73
92716,83439.37
11264,14140.584
57716,58051.777
34554,23858.195
98987,102334.266
58218,52709.36
12581,13379.074
71701,68090.81
19521,15441.1875
6223,17708.447
77656,48839.043
91666,72512.03
46892,50338.566
79048,54426.18
58165,47381.242
138037,103476.56
56884,51509.43
6123,14660.328
88391,66528.64
16214,16702.385
79171,89438.63
75032,68541.01
62373,67664.31
56668,49285.664
41073,51321.875
53158,45825.613
113794,67805.16
55255,54303.01
46826,46110.516
48637,53693.13
76572,76527.586
109225,89061.3
38927,33569.92
52314,50587.652
59685,72962.13
62501,56209.766
81203,83731.71
71674,71966.04
42746,55965.426
9091,5404.4194
16628,14813.86
46841,34828.605
70466,64225.19
40107,44287.68
39463,58362.625
59486,34341.258
63278,69530.516
32934,30616.094
167115,157729.5
65124,59620.41
59758,56213.395
22358,18981.059
22465,22608.771
82668,77417.47
19804,17727.09
56264,61665.934
60523,71540.73
44915,38018.266
29110,25352.88
47100,76504.4
118203,101283.9
70055,73797.125
55477,43026.76
53569,51364.008
55026,56742.555
43177,40434.69
46915,45881.99
94959,89476.53
63703,54368.91
54243,54556.816
48000,41055.594
50164,51575.156
26972,30307.498
93689,66157.09
58002,57335.555
13183,13341.317
76761,56224.516
77365,92939.24
120968,123201.625
20920,38863.06
35605,45183.85
115292,116691.695
46536,48783.242
57396,49917.88
98530,81414.125
55782,52915.21
29789,37906.16
59006,65955.42
12795,17403.846
59706,70793.65
119501,108706.35
100766,65262.57
50319,59325.105
107311,92290.625
13361,10360.653
75446,68534.18
58015,66739.83
11946,3739.02
55264,58927.46
61321,70302.15
108378,84352.24
36263,38632.82
41599,45683.895
44719,38199.38
69635,66997.83
63104,55656.02
14467,15852.187
20728,12706.107
65622,58007.918
28197,30929.557
19839,22100.12
60557,64908.527
77664,75114.984
70565,56708.09
89483,59757.086
40517,47987.863
123020,139655.58
16365,14813.493
13485,14333.815
33516,35274.98
63773,55484.355
51324,48314.86
15374,27971.777
6757,15545.361
59431,63264.754
31972,37975.17
53371,61084.58
11948,13343.402
36524,39278.742
40967,45492.668
45804,56395.574
35400,36020.05
64199,62627.777
19427,19454.795
28413,29015.334
58197,51719.785
44569,58722.938
62330,61948.176
70756,59335.61
72143,62527.875
67991,58840.77
66667,71952.32
41011,36784.188
56749,59076.63
35739,39224.9
72742,57338.77
12919,23173.893
36681,32095.5
55000,65420.41
62657,74895.195
86522,77220.85
45238,37231.016
55106,53389.84
87143,95601.71
38133,32862.582
38042,32986.938
80522,81759.37
37730,35168.484
38225,43949.656
68640,80953.02
38946,40045.59
63011,55737.184
64989,48308.86
58880,60479.273
12702,32272.795
76551,56662.55
16678,20582.873
81762,76430.39
35876,47293.625
30017,65069.39
60086,60466.914
81350,83667.93
20899,17085.121
36272,41785.523
19291,46415.82
64967,62465.527
13141,30362.475
98970,75705.56
43926,48181.36
94957,85721.516
41204,49531.17
81079,94427.414
58150,62782.727
60996,57145.367
39689,43775.113
62320,62927.5
49418,54718.7
52442,63545.12
41349,46583.97
53978,57830.95
30248,29065.547
49541,41430.836
39120,36549.285
56347,55290.363
56073,52494.727
16216,26679.756
33558,41739.402
66331,45161.273
84911,84761.39
42022,53640.277
20288,20909.258
57316,49994.266
48920,41852.926
42709,44041.324
18170,4725.7056
54902,57938.684
51247,52573.16
88608,90191.64
27778,37660.094
60847,58035.18
40000,43873.844
57685,60781.63
164876,135230.86
46146,48379.02
31262,33166.867
16396,20445.47
57977,67507.31
84259,78845.414
90026,88270.8
57054,55945.83
75271,67089.2
19921,22201.916
22879,25861.996
9151,6849.0913
67117,64565.047
67714,63814.836
85203,99003.94
65111,64364.652
66038,62747.977
54266,43593.23
58208,65179.637
28505,27661.576
55345,56359.08
54471,56459.805
42719,35428.023
45600,42239.977
10848,7894.7017
76843,63396.957
53739,64335.957
25108,26425.477
75915,49833.297
136131,133992.73
85179,71655.56
64006,58369.73
75100,61426.887
60197,68626.16
39078,41274.418
69527,60031.234
39940,44127.656
44153,42630.176
20891,17754.3
57492,75477.77
55424,52608.38
58897,56326.16
99929,80488.31
24175,22004.477
62166,49046.26
68557,54121.05
29013,27470.246
70575,60986.383
13962,19511.705
63405,67102.1
34480,19524.486
30753,28048.352
63236,55621.785
148166,124853.86
62161,62791.695
29491,26408.143
81608,72406.09
43009,44853.805
75866,83099.1
72165,69939.38
51786,54112.043
100102,107413.75
45341,52798.67
16946,22946.668
28230,44821.082
60107,56568.934
18074,28810.35
90703,87213.98
55678,60873.04
7640,29456.602
51774,45361.2
66265,72970.81
41194,41868.16
68786,48106.082
29937,39833.902
52727,42632.598
110772,136792.4
78714,94594.59
7934,13213.437
50000,56628.766
18267,30520.506
52948,58244.08
48468,45872.094
66318,50934.543
75937,85854.66
53889,55334.824
103274,89377.73
114725,94560.06
55221,53915.33
37454,65855.57
80769,81871.88
55358,60066.91
51573,53229.277
67433,66176.484
60680,64839.027
17328,27431.58
23371,24192.742
101279,102097.0
18390,19844.814
34509,30024.562
92443,82277.08
89075,76964.2
82004,71956.68
15048,31861.594
78865,63983.066
79786,66046.29
59757,63588.016
11589,24375.023
77203,77443.94
30091,27976.354
58203,62417.082
88722,84827.46
85018,86192.27
66459,58706.7
27806,32894.777
60323,61176.152
50187,50503.902
41019,43799.336
21701,6885.062
14807,6275.024
59876,58684.438
107189,115249.36
34849,35075.293
67134,58763.145
39262,39188.152
19589,23403.916
18889,25266.4
75656,71997.8
37231,45395.2
61704,63172.344
76546,83353.24
95640,81673.59
75470,75213.87
88627,90292.39
61653,55897.914
63879,63385.57
60715,58031.25
39662,32980.7
60920,58397.0
62905,68736.92
47795,59756.31
73714,71266.04
63272,33532.6
73190,66161.766
21775,24477.703
19611,13625.157
39276,48809.38
37038,30650.217
21770,24093.066
85616,86249.37
56737,56885.67
38843,38092.32
34270,36738.703
77458,64128.293
57600,49690.855
18640,16996.842
13158,22147.76
69477,65666.0
12637,7580.433
44890,46159.41
11049,4101.9946
36608,49863.023
69867,65102.08
44473,34169.887
93431,85261.734
80405,83056.02
32566,32177.861
14689,12015.925
139958,130024.51
45352,58758.53
48875,56970.082
69464,70033.87
27366,31711.963
12847,15483.468
11893,5790.196
46250,55861.094
18838,18302.707
32603,35455.3
44303,40828.195
55866,38460.453
56616,51317.164
141725,147267.36
52488,41535.848
69481,70976.586
54256,60417.734
63789,70684.46
12500,8900.134
80657,91871.14
46909,41954.32
26075,18566.764
67533,61967.09
87653,98932.51
41114,32825.45
58522,65095.94
55382,57239.625
34338,35391.23
91526,60414.93
71565,52221.527
23499,57794.91
62250,57912.613
33678,44409.05
55346,45526.508
26375,41928.902
41814,51663.34
53548,55051.605
56326,62018.508
37543,43906.91
66952,56447.312
75043,56898.84
75550,76526.234
13216,11362.978
18149,13234.564
50077,48327.242
32158,39455.76
73645,76179.99
86095,67796.17
88273,76051.36
49440,50669.547
63848,62859.008
11258,13698.335
147120,150067.4
49383,41870.45
103627,87663.38
12888,17661.947
100319,91693.31
43733,52256.715
45295,50041.23
50824,45934.27
23251,18142.246
39747,40360.445
34221,28981.75
48468,52458.09
31644,28256.656
48432,52287.27
34025,25691.613
88587,95993.15
77920,46820.24
67734,59864.297
99153,89910.375
80920,79522.67
71332,74962.88
59543,62201.37
99973,96344.305
88481,84990.8
24791,24950.76
32654,34090.883
81737,71897.5
59172,73381.375
43054,51413.13
127030,138577.97
32331,38401.41
14400,13451.394
53410,62884.01
9808,13784.316
41590,50709.734
51025,55674.965
72902,40224.44
21933,22951.182
7612,12485.48
33932,32338.441
16843,20035.174
69299,83895.56
22366,22268.412
54940,51145.12
83621,79747.31
19758,25451.225
24300,10811.277
54667,52494.668
103611,120745.75
18397,8634.286
19120,2981.7993
21429,15285.622
19517,25931.928
87105,55282.816
46501,45192.84
20564,21672.086
37007,36899.53
84172,91155.78
34347,30882.754
48039,46042.773
83065,67052.95
36122,30434.023
73793,60934.402
45136,41952.36
51800,56577.934
21806,15230.298
39029,39243.32
55162,65296.79
63974,59272.516
70971,68049.26
27973,25152.258
79174,72083.914
54699,58497.918
47104,41865.766
40053,56063.04
59127,56542.11
71930,68767.336
177003,196613.78
22025,16734.004
79488,86166.62
55472,49744.867
94123,79571.82
46662,50335.664
22413,11985.528
32978,28958.602
64071,64670.902
78452,57594.04
24353,20352.03
56779,46131.26
13482,14051.146
22000,26379.867
56062,46903.008
80340,83809.82
45455,43690.168
23840,35783.586
54284,49806.93
11404,14279.025
50228,49782.973
66250,62476.05
80907,88286.82
56830,54586.41
58065,54400.785
74059,73079.47
56684,38211.395
95277,77967.305
6945,8251.983
21009,10210.364
79775,77383.01
83683,84089.19
61418,72781.555
56916,53050.473
65958,46354.16
92341,96615.29
57575,62243.36
75401,66683.81
39337,45215.59
32582,29453.94
24101,24602.938
59472,71114.3
33832,16919.543
17434,20512.56
43699,34901.61
81881,75722.51
53362,45137.02
57155,52702.586
56057,67724.3
56445,58205.094
64904,61437.875
86740,77142.164
7463,4925.5796
38269,40161.312
68734,67662.8
22630,21504.992
48800,53913.17
23831,30130.19
22468,21890.9
85107,62616.88
20515,27066.12
346927,261638.42
94312,82210.12
26201,33656.387
71223,51790.434
62398,68811.086
28817,40158.34
15642,7919.2188
99520,93572.07
64946,59724.008
13403,10091.901
9260,9937.721
267590,204066.0
45395,44560.168
15815,16203.276
8236,3713.684
60159,66778.66
48446,59474.07
51983,48158.58
43806,47391.543
91629,60911.004
20561,24434.857
38134,40189.227
51923,62784.523
57752,63677.336
103196,101377.95
60136,68955.87
92234,60651.863
115284,131014.8
7282,6226.8604
48736,43597.414
42642,56757.453
51599,51599.863
17753,20992.586
63893,54633.754
60470,69155.19
67011,64801.098
57685,58610.797
65818,63534.113
88822,92433.9
12957,12215.387
20233,21614.494
39452,46370.895
60710,66611.164
46154,65967.516
13062,13861.185
61689,53680.96
16399,12253.288
17026,18534.203
47986,55792.64
24505,22966.705
18808,17604.535
47688,53526.945
76228,78654.305
26128,23847.775
111532,122457.95
59341,54718.277
43913,46629.42
56124,42113.94
41936,34110.332
62039,57744.035
45051,41579.43
16195,11520.402
6750,13220.723
72424,77213.52
68082,57815.414
65931,68017.57
28749,28250.105
118792,111044.234
160764,197529.2
13142,20695.193
43026,42997.438
48462,60112.457
8276,3652.8257
124498,119528.18
41372,41782.074
50980,54481.0
47442,40765.246
60500,54658.1
38663,45968.094
53764,51333.49
65416,69617.07
51456,48595.84
79438,78795.03
67797,74984.45
15442,16722.158
75092,76329.32
61868,67631.71
46544,48087.45
53129,61030.918
31711,38242.95
21800,23245.484
58434,31955.781
70176,88810.055
8739,-11655.175
74706,66945.38
49691,60095.926
68534,72393.44
44199,38016.473
55364,63947.89
81710,102426.125
121032,108349.38
40773,40497.355
23304,34739.332
60918,54003.125
33886,25168.885
78085,63251.453
15433,13960.487
106952,107621.94
56685,50705.5
78939,59966.074
75926,67761.336
74502,74522.67
57057,51833.273
49807,47920.81
16667,23073.355
127669,125285.28
35366,40814.133
88889,75661.734
63842,51507.523
66326,68189.234
14766,9055.255
95598,89428.414
63964,64034.875
80945,42736.668
41404,43910.31
48625,42350.652
72081,51524.105
12338,14593.103
45687,36940.113
60761,48563.918
59320,61728.29
63393,78114.88
47954,53695.4
124284,131367.48
70172,71153.79
87693,76848.6
45061,41043.305
68531,53470.895
8944,8450.743
46883,57049.18
71976,65703.766
52364,44976.18
27826,19458.582
76511,65538.53
29205,53799.734
57321,54951.832
55066,54187.836
66412,67030.984
85083,63871.88
6059,4779.4624
29783,36066.336
25202,31871.713
69717,60017.105
66035,67009.21
66350,64635.31
52551,47434.734
131679,120398.72
49707,55421.855
84802,74382.15
70040,67732.68
31959,35672.89
53816,47864.68
145834,109038.63
72480,71745.52
59134,57941.92
41658,44444.414
75250,69092.33
8334,9404.323
83005,85397.86
56364,50698.85
26581,21197.27
56351,54477.63
14538,27302.91
72965,63764.16
54527,54225.043
63119,63179.426
82753,87150.51
56200,44891.01
18096,26587.793
64415,71014.07
51475,56617.637
86418,90195.26
30786,38432.164
71224,56553.35
47165,45896.95
14722,10493.074
65103,64296.363
118606,114812.63
99648,79559.18
61549,51280.598
23282,32661.81
62874,50772.793
41900,49301.703
20741,11815.653
58164,60931.08
57655,50089.523
79686,65306.023
21583,24674.172
62561,67634.78
42246,47948.184
67350,60297.21
41772,45589.812
75478,47458.258
30814,32007.186
84728,83196.86
58147,63433.117
62918,52701.195
76907,87069.63
69505,68177.88
59890,67283.695
66861,64802.504
54639,46978.953
27328,20393.195
47104,39259.867
63635,66212.05
117273,116372.71
67227,63329.215
31212,26844.55
63171,54634.43
54662,62689.258
32197,32944.848
42089,49696.023
34791,55278.406
30121,39566.31
22858,35764.758
70508,50113.145
36138,36591.305
35102,48621.54
47648,54003.41
52745,58235.176
76154,66278.65
59180,50986.49
81654,76911.31
58541,50627.01
98678,106820.35
97414,73813.59
125707,112495.27
66667,62158.48
50959,52172.46
72293,69498.3
98474,87595.65
36789,30563.066
44449,67131.04
19191,17638.787
66257,64192.066
42450,43652.445
72333,73374.94
68732,64753.812
43821,46730.324
19087,23511.102
45946,55400.48
70353,78545.24
127030,125672.25
55433,30559.602
13310,17635.82
50695,52239.58
61858,68838.65
42601,44326.957
82182,98699.33
18362,23080.309
77743,62147.543
103522,91840.055
40244,40253.633
93747,107646.19
67037,64679.855
28261,35105.926
32197,29555.996
37518,41525.004
74119,61031.59
68567,62438.3
25842,34042.92
94266,94052.99
24568,31049.633
62827,69276.64
27864,22254.295
43024,55439.66
95051,112158.86
60229,65502.61
16434,14292.241
58331,48132.3
69270,72057.02
34713,51802.254
50392,77564.336
65700,45185.68
232140,223700.25
62724,65782.05
7875,3459.1426
51081,53225.94
74307,74954.875
21320,22793.477
94470,73459.98
53810,56039.855
16112,18019.002
54105,55578.434
61003,63898.758
156912,136948.73
42848,50705.91
62299,40832.895
7831,14504.435
69116,53082.75
44906,23539.969
75036,63451.266
59834,64431.13
22386,26905.748
55625,54131.83
83451,42313.438
64239,57499.69
50882,8621.3
59375,60511.215
50303,40550.14
91837,76344.04
59289,50782.055
9399,8694.339
17375,14116.726
6223,12978.228
66073,43960.906
46211,47918.504
56348,41584.316
3750,4994.045
70952,68377.82
46004,33199.176
75429,74100.94
22901,27307.057
75659,54080.418
48051,52606.14
77119,70792.414
36418,35301.652
40977,39247.555
64331,65819.805
42640,41805.54
32306,31502.93
58546,58644.625
12143,25813.975
28509,37401.293
31721,32103.129
94415,98488.88
78617,63009.54
19806,34083.695
66509,50931.23
30965,34380.48
81213,82212.695
45230,44452.785
53192,51154.266
33286,36597.52
34852,40976.055
48180,73714.305
54903,53482.426
61684,62917.58
55789,60748.945
55947,47596.05
38948,44357.676
110243,116620.97
72495,90126.125
39286,42750.098
40689,31882.615
58989,45091.89
66632,58658.06
14358,18927.924
69915,84229.18
44457,46206.28
19739,16594.738
52870,38216.01
77429,69914.85
78140,69832.58
121943,112630.32
83261,83878.62
37104,31482.75
80288,69713.086
81945,58873.395
15227,14557.988
58222,63377.78
50511,50646.066
47854,36217.5
58351,78030.87
57275,60354.95
45373,49644.582
62245,67301.68
51341,39146.117
33345,33752.45
61459,67809.305
51388,45350.805
54337,61225.285
18551,21005.496
93478,99773.06
22130,21300.303
24581,30448.805
19057,23618.307
56025,54323.74
63068,48825.21
38462,39460.543
54722,54430.094
93704,114817.79
89205,79728.09
64344,54574.164
15803,26087.186
65609,69019.07
58651,62895.44
5634,6017.7466
47911,53286.51
37803,45233.473
82720,55240.58
45092,42951.98
61710,59897.63
59235,63827.086
61598,60906.176
57691,66211.336
91095,94869.63
14165,12531.806
50853,76249.03
65674,55661.21
72395,61907.254
50360,51128.23
82822,82643.375
7911,4305.0522
14462,19322.07
110411,86590.46
32840,35338.715
8223,26022.223
105276,106962.38
63398,62033.676
12353,7979.8296
8334,16178.042
63887,58728.227
86204,101350.81
78377,91238.32
25425,34161.844
16510,5594.0933
77998,64901.254
47732,52922.02
99415,99643.28
22249,21886.582
47454,47320.26
60086,59311.875
57983,62447.395
33432,35070.113
86589,77273.49
53632,50256.445
7375,2534.195
35314,33946.438
76040,82294.16
54220,60449.87
84809,74393.945
94539,90960.56
122835,147976.5
13657,13426.834
20442,14590.457
14441,10641.083
112824,89693.91
63785,55108.004
103959,93881.445
14632,15057.386
69948,108975.22
41673,35576.145
92234,93290.96
49440,45063.273
50468,53252.42
54207,53241.992
62389,59212.65
75439,59497.414
76159,67726.875
87767,98631.44
53840,54657.348
86673,79234.484
77973,91530.8
70256,57568.793
59517,57001.95
79472,88931.8
61984,66442.805
122358,89049.98
194877,208563.66
41842,26246.676
127032,104200.91
37155,47410.047
59311,65716.31
27219,34821.758
27806,22935.266
45715,51197.96
73240,75940.17
47244,40398.785
67056,64361.65
24138,18907.418
22858,11817.019
66948,70608.53
71606,66872.73
16151,32833.832
17978,22521.408
72433,70708.266
62129,52623.105
52486,53349.137
29078,38702.6
47225,44338.26
41302,50694.812
88505,70011.16
29383,38541.164
66450,81965.69
45429,83161.984
103406,65463.684
152862,127543.39
9165,10869.097
49099,55148.52
30568,36915.617
47548,54523.336
45055,83423.45
48300,42940.38
17472,23523.424
6594,12128.957
73954,78715.67
46735,45765.242
73792,89537.836
58362,62667.457
94390,68560.734
62823,79016.63
36288,40630.53
12528,10356.337
33054,45243.67
73171,61722.418
26381,39043.5
85883,73907.164
7240,4706.605
51532,51916.473
22555,33614.086
57836,60273.934
25890,32199.305
33141,34824.734
54187,55017.254
40058,36766.39
93747,97578.99
71703,72373.06
29301,31608.607
81768,85536.29
56130,52584.637
73973,81303.26
63500,66426.17
63125,65477.035
43094,41436.652
169715,215575.92
64921,65764.32
74033,65498.19
58178,60189.582
76292,67244.36
80933,77037.15
52066,66555.79
36211,31788.574
52664,66571.88
69306,60223.86
77673,47672.07
181210,188299.66
42444,51088.547
57895,59698.14
51098,55744.598
55413,53805.254
57456,57469.945
37811,32293.488
65060,74726.664
28145,44453.33
31959,4363.4165
55325,75770.43
28323,32802.805
76954,90952.63
80532,57931.133
66999,60852.824
105168,100487.68
32902,32298.27
4953,5877.971
58470,94891.4
30032,28532.234
65355,74736.586
104750,120280.07
38972,41763.105
65937,77323.695
52713,46277.008
54852,42766.305
55545,52802.316
36383,44492.5
31911,34301.27
7829,14117.438
21073,28367.102
51805,51710.895
75070,68882.25
60677,63232.324
36147,40244.242
76055,64242.64
