User ID,tourism,entertainment,religion,food and drink,Cluster
User 1,0.3387980386631236,1.0810514360051977,-1.1805909511060275,0.96635477848335,2
User 2,1.2380142084333274,1.5530296813463045,-1.4919081215085424,1.236832304247386,2
User 3,-0.3074242824837972,-0.8227895431929745,-0.9315372147840154,-0.3047141096732916,0
User 4,-0.4526810988775014,0.0065879558920563,0.1892045986650373,-0.3917687286898702,1
User 5,0.0015871716052266,-0.3921159842023529,-0.8070103466230094,0.1728056215977446,0
User 6,-0.448096311493291,-0.0918414867326711,2.679741961885156,-0.6554994637796926,1
User 7,-0.6643134855419717,-0.6330328821341459,1.3099464121140914,-0.8578848349295429,1
User 8,-0.5919326781664449,-0.329373280534206,0.2514680327455403,-0.7223081793738347,1
User 9,0.1046604432735444,0.1495307645877922,-0.8070103466230094,0.2091801160834126,0
User 10,-0.2759635430572603,0.2829806093428691,0.9986292417115764,-0.990559485471372,1
User 11,1.0786186991872286,-0.2955428166730704,-0.5579566103009974,0.1902176516810196,0
User 12,-0.0400881595938756,0.8977703186339278,1.93258075291912,-0.7315537164134174,1
User 13,0.4248022509791983,0.6221191248991482,-1.4296446874280395,0.9541391047551704,2
User 14,0.2500046027688695,1.4000514838331206,-0.1843760058179793,0.6496495675214006,2
User 15,0.9953054940787815,1.1803031094894685,-1.0560640829450214,0.7696371540118226,2
User 16,0.637726268128241,0.983966367185814,-1.4919081215085424,0.4155465362430325,2
User 17,-0.8751721248454396,-0.2858394437857332,0.5627852031480554,0.1294118097389928,0
User 18,0.7721355912247754,0.6643927728710209,-1.1805909511060275,1.1647591006234308,2
User 19,0.3909699070780287,0.3535024652615331,0.0024142964235282,-0.0527957896631387,0
User 20,0.4736026236570693,-0.0780281390643721,-0.9938006488645184,0.7742939883689728,0
User 21,0.0032103004919843,-0.359895144052053,0.4382583349870493,-0.1513902970605162,0
User 22,-0.2342409600767068,-0.6920219207910566,1.3099464121140914,-0.7551730151729605,1
User 23,-0.7936727214810727,-0.6500488881587869,2.679741961885156,-0.6779034551939099,1
User 24,-0.783220329336093,-0.0938682119386926,0.7495755053895643,-0.6715599231682065,1
User 25,0.22034622862921,0.1046768243410792,-1.0560640829450214,0.1001247643011266,0
User 26,-0.6644575968031754,1.8207007726658144,-0.8070103466230094,1.0395070261031956,2
User 27,0.221880492707268,0.5372049514845296,-1.3051178192670334,1.1671215836393647,2
User 28,-0.0090286975595875,-0.2828306288432512,-1.2428543851865304,0.2339465905135637,0
User 29,-1.2670305251454788,-0.4034315412144507,0.4382583349870493,-0.8013325686961563,1
User 30,1.1090164716490605,0.729691522039416,-1.0560640829450214,1.1888497897062011,2
User 31,0.4683894800450162,0.3623376506215555,-1.4296446874280395,0.6566007532197671,2
User 32,-0.1535755526331445,0.9066454863625634,-1.1805909511060275,1.003268794966963,2
User 33,0.6872021073085771,0.8738302433035234,-0.2466394398984823,0.1530992401732535,0
User 34,0.4347174592065824,-0.1812835898947455,-0.1843760058179793,-0.4246335644889961,0
User 35,0.0311700256412709,0.0395685047013113,0.6873120713090614,-0.7910079876606833,1
User 36,0.0113681353307345,-0.1478807952299434,0.4382583349870493,-0.0775622640932901,0
User 37,-0.7448133726734025,0.1814701153452314,0.3137314668260433,-0.293310484641928,1
User 38,-0.1688732546519423,0.2820992937004816,1.2476829780335883,-0.1236536859417681,1
User 39,0.308619510057922,0.7184202147524729,-0.6824834784620034,1.0171030346889782,2
User 40,-0.1684853884495986,-0.4596681305433279,-1.1805909511060275,-0.3721304789400967,0
User 41,-0.295761781911351,-0.9461551795359716,0.8118389394700674,-1.0707310504643015,1
User 42,-1.386713710492323,-0.2588374430291609,1.808053884758114,-0.7413387754509454,1
User 43,-0.1063490164474133,-0.5412537241966073,0.2514680327455403,-0.778928577281939,1
User 44,-0.0490351507926984,0.640050407570608,-0.4334297421399913,-0.3271862327622266,1
User 45,0.2093042502730394,0.2911665743678489,0.0024142964235282,-0.27063396652884,0
User 46,0.0569224977146555,0.0916568673557422,1.808053884758114,-0.5106772711844016,1
User 47,0.0331828890337678,0.2654552859745637,1.3099464121140914,-0.4985978608056574,1
User 48,-0.0045333978649763,-0.1014971724771089,0.4382583349870493,-0.1825684351910887,0
User 49,-0.4349096710296541,0.683863149765505,-0.2466394398984823,-0.714817471677523,1
User 50,-0.0549980640540389,0.0829293309252831,-1.4296446874280395,0.9756003155229328,2
User 51,0.0305187564067291,-0.617927968631252,1.93258075291912,-0.7252101843877139,1
User 52,-0.6506319951236252,0.7057705491232422,0.1892045986650373,0.5700856562011338,0
User 53,0.419391480605719,0.5115293310382919,0.6873120713090614,-0.3358922478038641,1
User 54,-0.0407219451060474,-0.5152928979593393,-0.7447469125425064,0.0274439070045086,0
User 55,-0.5181128226647866,-0.2956410303532188,1.93258075291912,-0.3231370520777394,1
User 56,-0.6123781530721788,-0.2429999541012773,0.9986292417115764,-0.6415970923829597,1
User 57,0.4281056072355186,0.3464253648493189,-0.9938006488645184,0.9120968635911798,2
User 58,-0.1860608697673777,-0.1556670777638636,0.2514680327455403,-0.4028372267474415,1
User 59,0.8527075542620611,0.3340920266212006,-1.3051178192670334,0.9894345552449476,2
User 60,0.2784383178729199,0.1526360862678062,-0.8070103466230094,0.3297072245717798,0
User 61,1.0327567936003823,1.0176029876330892,-1.4296446874280395,1.3613404617455227,2
User 62,0.1888454105947795,-1.1287114027240257,-0.0598491376569747,-0.676148625850639,0
User 63,-0.6007806551780814,-0.0307126741319012,0.5005217690675523,-0.6507744977478247,1
User 64,-0.2624143399347141,-0.3094058374073099,0.7495755053895643,-0.6092717785817792,1
User 65,0.4476946601685802,-0.3666670592551857,0.6561803542688092,-0.5020393878174818,1
User 66,0.0597989729515694,-0.5901185720728254,0.2514680327455403,-0.1501068580404728,0
User 67,-0.6773757830833673,0.0634589304982868,1.683527016597108,0.6456003868369131,0
User 68,-0.2798352389308202,-0.6811660080566823,0.4382583349870493,-0.3139596467128743,0
User 69,-0.4650642422146663,-0.2451614144058035,0.2514680327455403,0.2309083221502493,0
User 70,-0.6672953483882116,-0.1266157884367826,-0.8070103466230094,-0.2799476352431405,0
User 71,0.0583791210060554,-0.9178929900027992,-1.0560640829450214,-0.1558427363935134,0
User 72,0.405889773130789,0.3046487595773463,-1.4296446874280395,1.9867206539751645,2
User 73,-0.2680197107150269,0.6249646200144569,-0.6824834784620034,-0.6657559131404481,1
User 74,-0.1053074100320114,0.2843475700452119,2.0571076210801262,0.7113300584351648,0
User 75,0.5083439172917926,0.2536798057043172,-1.1805909511060275,0.3388846299366449,0
User 76,0.3155692867967957,1.2421930351788733,-1.4919081215085424,0.2944117740820024,2
User 77,-0.1347297916330982,0.1148469717895431,1.745790450677611,-0.184255132859642,1
User 78,0.2948379080096586,0.9808750506246926,-1.0560640829450214,1.172249808319742,2
User 79,-0.8717724489550891,-0.6274471888020566,0.8118389394700674,-0.5441497606561905,1
User 80,-0.4535832422301252,-0.9772349010116904,0.5627852031480554,-0.6340382530119305,1
User 81,0.5527271118629141,-0.418792820331793,1.93258075291912,-0.3722667422895319,1
User 82,-0.2615998397674446,0.2077872278197132,-0.8070103466230094,-0.182500303516371,0
User 83,-1.3589961578208338,0.3180346934972245,0.7495755053895643,1.641137187623655,2
User 84,0.1826716060225833,-0.7775661650614634,-0.4334297421399913,-0.012303982818266,0
User 85,0.8024166070628249,-0.4370507191250882,-0.6824834784620034,0.0095604865980061,0
User 86,-0.4544275836915069,-0.0506898314886369,1.683527016597108,-0.8348050581679449,1
User 87,-0.7034493142687758,-0.6830953730538636,-0.7447469125425064,0.8288244299600139,2
User 88,-1.0511569110580266,-0.894464792429984,0.9986292417115764,-0.7771056162639502,1
User 89,-0.3550079697096587,0.0135163160868728,-1.1805909511060275,1.498137956046352,2
User 90,-0.2909516109093142,0.5190078444166945,-0.4956931762204943,0.0303459120183878,0
User 91,0.0310734612594233,-0.0845062902308798,1.434473280275096,-0.1905305332106279,1
User 92,-0.9071991146903444,-0.5347858617508225,-0.4956931762204943,-0.6363326043531466,1
User 93,0.6109380232158828,1.1422861670604016,-1.1805909511060275,0.9247839276425868,2
User 94,0.8527075542620611,0.3340920266212006,-1.3051178192670334,0.9894345552449476,2
User 95,0.7342525800561164,0.8601627964582722,-1.0560640829450214,0.9006251068850981,2
User 96,0.1806243971846157,-0.8950357785029287,0.4382583349870493,-0.5821428211356939,1
User 97,0.2806325551324794,0.8237303539616292,0.0646777305040312,0.8728884957663502,0
User 98,0.0464672152269075,-0.5434394548082374,-0.8070103466230094,-0.0579921460182342,0
User 99,0.3590306712912879,0.8929243780752553,-0.0598491376569747,1.046458211801562,0
User 100,0.2215676453148332,1.1778124491166704,0.9363658076310734,-0.6213511889605234,1
User 101,0.0969412762068859,-0.3398606088550903,0.0646777305040312,-0.4598608833040557,0
User 102,-0.4314969916633674,-0.2472740786482089,0.8118389394700674,-0.6796582845371809,1
User 103,0.685228616607863,0.5570316381487391,-1.1805909511060275,0.4617742214409459,0
User 104,-0.7860538767677598,-0.2655476895030135,0.1892045986650373,-0.6888356899020459,1
User 105,-0.3615362005388106,-0.368459958678734,2.0571076210801262,-0.491646675107291,1
User 106,-0.0358253424024958,0.5666065527496663,-1.0560640829450214,0.9102739025731912,2
User 107,0.6899366857169151,0.0528422668871724,-0.1843760058179793,-0.0573163606708535,0
User 108,-0.9540137256385626,-0.7578767974421954,1.93258075291912,-0.5850448261495731,1
User 109,0.3734252152631973,-1.719377737439456,1.1854195439530857,-0.6248608476470654,1
User 110,0.3705374758262482,1.2214304944263992,-0.0598491376569747,0.0632107478175136,2
User 111,0.3875802123274294,1.2266007932059189,0.5627852031480554,0.3960445498426944,0
User 112,-0.2571948463803625,-0.3044667804638266,0.1892045986650373,0.0596329574562538,0
User 113,-0.0628777224221565,0.3927630074018706,-0.8070103466230094,-0.0912602404658699,0
User 114,-0.1121222879571276,-0.0918172164255672,-0.9938006488645184,0.1756394949369061,0
User 115,0.405889773130789,0.3046487595773463,-1.4296446874280395,1.9867206539751645,2
User 116,0.447620317811137,-0.2561840608525844,-1.4296446874280395,-0.3900138993465992,0
User 117,0.0419698739517433,0.5305712087976463,-1.2428543851865304,0.1099098233386546,2
User 118,-0.2331773724520207,0.0803273287572637,0.4382583349870493,-0.1345859206499041,0
User 119,-0.7371817922552424,0.1890225720966783,0.4382583349870493,-0.0481389553059886,0
User 120,-0.156001151473352,-0.3482492780524618,1.1854195439530857,-0.1283105202989183,0
User 121,0.6552959419428629,0.4052388090352914,-0.9315372147840154,0.199326925371167,0
User 122,0.1566302165644033,-0.508606068321282,-0.4956931762204943,-0.2498485411084583,0
User 123,0.2426430651511254,0.8095352937647681,-1.3051178192670334,-0.01932330019135,2
User 124,0.938398104171448,-0.7467488070318629,-1.3051178192670334,0.1146347893705223,0
User 125,-0.1536395498224762,0.1808443118459844,-0.1843760058179793,0.3354431029248203,0
User 126,-0.4151352614824525,-0.580318715980468,0.0646777305040312,-0.6519216734184329,1
User 127,-0.6459559935393946,-0.5461702177756036,0.5627852031480554,-0.7385049021117838,1
User 128,0.0067890409835118,0.0852889255327223,-0.7447469125425064,0.2322598928450105,0
User 129,-0.0201998503472921,-0.1583213134117483,1.683527016597108,-0.3411567358336772,1
User 130,-0.5319006134850335,-0.3441261751564275,-0.0598491376569747,-0.6121737835956582,1
User 131,-0.4003470337713103,-0.6452454433176283,0.2514680327455403,0.1917680860001377,0
User 132,0.6360847113813133,0.4012818653607804,-0.8070103466230094,0.0401309710559156,0
User 133,0.1490278372332209,0.7966832264760823,0.4382583349870493,0.4859330421984345,0
User 134,0.3963843915984372,-0.0651846300212813,-0.9315372147840154,0.4905898765555845,0
User 135,-0.7921250284618031,0.7371745817547847,1.683527016597108,-0.8873081437168444,1
User 136,0.5801173485490244,0.128278032438396,-0.8070103466230094,-0.0411196379329046,0
User 137,0.6209925403194726,0.4218003151425705,-0.8070103466230094,0.5234547123547104,0
User 138,0.0772460444591181,-0.1255511735491711,0.2514680327455403,0.4057614772055046,0
User 139,-0.019765137622983,-0.2009278543175512,0.8118389394700674,-0.4639781956632606,1
User 140,-0.1404826038741493,0.1274358221608017,1.2476829780335883,-0.4282113548502556,1
User 141,-0.1003179235273639,-0.2223518900488321,1.683527016597108,-0.8936516757425479,1
User 142,-0.2923324754503045,-0.3909617374126992,0.5005217690675523,-0.6519216734184329,1
User 143,-0.3620608666817574,-0.0666386622117418,0.9363658076310734,-0.4570270099648942,1
User 144,-0.6874077441401744,0.229496469342025,-0.5579566103009974,-0.5746521134393823,1
User 145,0.1113824732178124,0.2707463382662073,0.6873120713090614,-0.4194372081339007,1
User 146,-0.0400881595938756,0.8977703186339278,1.93258075291912,-0.7315537164134174,1
User 147,0.4907586457237803,-1.046240202539306,-1.0560640829450214,-0.3836703673208956,0
User 148,1.0047720070620574,0.2667814108369852,-0.5579566103009974,0.8591223877190527,0
User 149,0.2412414736561266,0.26860571085104,0.4382583349870493,0.0291987363477796,0
User 150,0.2615329640152237,0.2786019943036942,-0.8070103466230094,0.1606580795442829,0
User 151,0.4744440921545115,-0.2545484598920282,0.9363658076310734,-0.2569359901562601,1
User 152,-0.1977268685770939,-0.2155234504767807,0.5627852031480554,-0.497314421785614,1
User 153,-0.5345290107719786,-0.28560649500708,-0.4334297421399913,-0.4961672461150059,1
User 154,-0.5692152549447498,-0.4007330558414111,-0.0598491376569747,-0.436173452869795,1
User 155,-0.2947673922856128,-0.1917249615478589,-0.5579566103009974,-0.7938418609998446,1
User 156,-0.0651238975329462,0.420081359092067,1.93258075291912,-0.3025560216815107,1
User 157,0.5562796637177267,-0.0922925727648001,0.1892045986650373,-0.4979220754582769,0
User 158,-0.1652814656063785,0.0808166666828774,1.994844186999623,-0.4893523237660748,1
User 159,0.8544277322216722,0.7042408666171206,-1.4296446874280395,0.4980124525771785,2
User 160,-0.7936821397518525,0.0221699326767995,1.745790450677611,-0.4651935030085863,1
User 161,-0.5106358457414769,-0.045162369468083,0.3137314668260433,0.2056023257221529,0
User 162,-1.0881073398049128,0.1829398360646892,1.745790450677611,-0.6098794322544421,1
User 163,-0.0628777224221565,0.3927630074018706,-0.8070103466230094,-0.0912602404658699,0
User 164,-0.4445403970405664,0.0884316456349128,0.5627852031480554,-0.1646168831098686,0
User 165,-0.3431241424688819,-0.6867282845529759,0.2514680327455403,-0.4923224604546715,1
User 166,-0.2638504209222506,-0.2577145968300143,-0.1843760058179793,-0.5677009277410159,1
User 167,0.0959099787142527,0.1778146640141436,-1.3051178192670334,0.9230290982993156,2
User 168,-0.1512794047425848,0.2629375159003119,-0.8070103466230094,-0.2459356237734064,0
User 169,0.2865847330383674,1.179857167817701,-1.4296446874280395,1.10584435137411,2
User 170,-0.2524631198491101,0.2978177360588579,0.1892045986650373,0.1727374899230271,0
User 171,0.621201007898273,0.105558993454775,0.0024142964235282,-0.5180998472059957,0
User 172,0.4031492690444999,-1.2220870327248157,-0.9938006488645184,-0.451222999937136,0
User 173,-0.8375961912364019,-0.265402665683786,-0.0598491376569747,-0.3438543458234032,0
User 174,-0.3399055275964032,-0.3581707646607628,1.496736714355599,-0.5792408161218148,1
User 175,0.0183408060714679,-0.2797861224212091,1.434473280275096,0.0927021882795327,0
User 176,-0.1269888068341345,-0.3344627846377037,-0.5579566103009974,0.4476048547451385,0
User 177,0.4397644312456558,-0.4062413683827111,1.434473280275096,-0.3670703859344366,1
User 178,-0.0566569007825952,-0.0784669504527368,0.4382583349870493,-0.2719174055488835,0
User 179,-0.1789968041091652,-0.4898422660695558,0.5627852031480554,-0.6150076569348198,1
User 180,-0.2472918300794153,-0.2439497897759228,0.2514680327455403,-0.4961672461150059,1
User 181,-0.2086299312097022,0.271199131240953,0.3137314668260433,-0.5267377305729155,1
User 182,0.4677524433500674,0.0216346380834148,-0.3089028739789853,-0.0331575399133653,0
User 183,0.2364032732122625,0.2887712882808494,-0.9938006488645184,0.3965840718406395,0
User 184,-0.2451764666886026,-0.1491149832243112,1.559000148436102,0.2084361990613144,0
User 185,1.161477865395845,0.9691840814286392,-0.8070103466230094,0.9922684285841094,2
User 186,0.0643476268903663,-0.0071862628789377,-0.4956931762204943,-0.5977318902009803,1
User 187,0.0340452589633152,-0.5949351450290564,-0.2466394398984823,-0.5832899968063021,0
User 188,0.2457998287089343,-0.5167469301497997,0.8118389394700674,-0.4730874693534079,1
User 189,0.5594392427352224,-0.0286616786187762,-1.0560640829450214,0.3394922836093077,0
User 190,-0.6635297221351648,-1.1419329078975091,0.7495755053895643,-0.8907496707286688,1
User 191,-0.5178676902551633,0.2569084648428916,-1.4919081215085424,0.9974647849392044,2
User 192,0.1719235929809648,0.5223095934570052,-0.4334297421399913,0.7662637586747159,0
User 193,-0.0910782781454263,-0.6241680031262332,2.243897923321635,-0.5890940068340604,1
User 194,-0.4797217085033147,0.2486591006135029,1.994844186999623,-0.8296087018128496,1
User 195,-0.2682822810245379,-0.3124206501814618,0.1892045986650373,-0.7655657278831514,1
User 196,-0.348220664415858,-0.7271950515149196,0.5005217690675523,-0.847492122219352,1
User 197,-0.6850036869392072,-0.287513296639774,0.7495755053895643,-0.1462620723801385,0
User 198,0.8593338322985049,-0.0258484140327707,-0.9315372147840154,0.3912514521361089,0
User 199,-0.2628730715161532,0.079484265008361,1.434473280275096,-0.4126904174596871,1
User 200,0.0507912931646898,0.3469146792424208,-1.2428543851865304,1.7456038367235085,2
User 201,1.1798263266358318,0.7798271028608701,-0.0598491376569747,1.099568951023124,0
User 202,0.1039472563872991,0.0236396533962573,0.5005217690675523,-0.3704437812715432,1
User 203,0.1517981676798068,0.3502998069051908,-1.4296446874280395,1.1277769524650998,2
User 204,-0.0645279277801493,-0.2685182525520107,0.0646777305040312,-0.7580750201868396,1
User 205,-0.1089561910453416,-0.9138378326481398,-0.3089028739789853,-0.3238128374251199,0
User 206,-0.8628489981188776,0.019592200815884,-0.0598491376569747,-0.8336578824973369,1
User 207,-0.1897463390913938,-0.2519550395021154,-0.5579566103009974,-0.99170666114198,0
User 208,-0.2514768089827567,-0.39127891828512,0.4382583349870493,-0.5486703316639053,1
User 209,-0.9214044548020448,-0.4185521432463419,-0.6824834784620034,0.3480620353015098,0
User 210,-0.2106147651603716,-0.67882210197824,1.434473280275096,-0.5978681535504157,1
User 211,-0.3304528752589771,-0.0508845283738054,1.559000148436102,-0.1918139722306713,1
User 212,0.3477380825696931,0.3335410199663067,0.0646777305040312,0.2435953862016565,0
User 213,-0.3243391779112224,0.2563557277128693,0.5627852031480554,-0.4166033347947391,1
User 214,-0.7632352321330211,-0.5596264022028684,-0.6824834784620034,-0.7632713765419351,1
User 215,-0.8912941937908461,-0.5358636047535067,2.0571076210801262,-0.8319030531540659,1
User 216,0.6678945571129973,0.3422719938145109,-0.8070103466230094,0.3342277955794946,0
User 217,-0.7759512049760566,-0.5552974602296347,0.7495755053895643,-1.015933613574186,1
User 218,-0.4512863481597041,-0.4967620680187778,-1.5541715555890454,-0.4731556010281256,0
User 219,0.8490326408724445,-0.5994579304161506,-1.3051178192670334,0.0066584815841268,0
User 220,0.2815174082456815,-0.064398944112606,0.1892045986650373,0.5100918629559227,0
User 221,0.4113671883711656,-0.4680271060928091,0.2514680327455403,-0.3738853082833677,0
User 222,-0.5004590374156642,-0.3801363717975234,1.3099464121140914,0.0706333238391075,0
User 223,0.3080240550449624,1.3163843475475174,-1.2428543851865304,0.821532585888059,2
User 224,-0.5087059282393765,-0.3641110372874491,0.7495755053895643,-0.6657559131404481,1
User 225,0.6090127525729188,0.3325172409186165,-1.1805909511060275,0.7962265894599624,2
User 226,-0.3871170678221894,0.0182338218916473,1.683527016597108,-0.7978910416843319,1
User 227,-0.1356656875562403,-0.0517675744913211,-1.0560640829450214,1.7594380764455233,2
User 228,-0.0890344681507026,-0.2392819570370893,0.0646777305040312,0.0198850676334791,0
User 229,-0.2572121816978966,0.6728499385681389,1.559000148436102,-0.2078062999444676,1
User 230,0.4376308074043274,-0.1928009740754146,-1.3051178192670334,0.6445213428410229,0
User 231,0.1628758946838643,-0.0869492634607788,0.0024142964235282,-0.4182900324632925,0
User 232,1.167444082358377,0.1094271586985522,-1.1805909511060275,0.8815945108079877,0
User 233,-0.6038736829925299,-0.2918562437319008,0.6873120713090614,-0.717179954693457,1
User 234,-0.7755903159366548,-0.1682342417744551,-0.1843760058179793,-0.8169216377614426,1
User 235,0.7606358744357868,-0.9323903724818802,-2.0522790282330683,-0.820363164773267,0
User 236,-0.2682822810245379,-0.3124206501814618,0.1892045986650373,-0.7655657278831514,1
User 237,0.6680838926798666,-0.4355664423283663,1.0608926757920794,0.4173694972610213,0
User 238,0.1383657907921489,-0.1140260845942156,0.5005217690675523,-0.1500387263657552,0
User 239,0.1939420579233091,-0.7377937216310247,-0.3089028739789853,0.1964930520320055,0
User 240,-0.1460064211663628,-1.344511391638762,2.492951659643647,-1.2126512380457135,1
User 241,0.1517981676798068,0.3502998069051908,-1.4296446874280395,1.1277769524650998,2
User 242,0.9880902488748272,1.1298554686234434,-1.4919081215085424,0.4870802178690425,2
User 243,-0.6181697866473657,1.2763626687860334,-0.6824834784620034,0.1676092652426493,2
User 244,-0.721704339010742,1.193810673925291,0.9986292417115764,-0.2148256173175516,1
User 245,-0.8790938491214195,0.5687819946405733,0.6873120713090614,-1.0442097466908793,1
User 246,-0.2584490414927351,-0.0651098331769286,0.2514680327455403,-0.2223163250138633,0
User 247,-0.2756628892172733,-0.8332386196203742,0.0024142964235282,-0.6328910773413222,0
User 248,1.049836082772903,0.930028580738916,-1.0560640829450214,4.6065423117156,2
User 249,-0.2542397097098862,-1.025721752757516,1.0608926757920794,-0.5799166014691953,1
User 250,-0.2682822810245379,-0.3124206501814618,0.1892045986650373,-0.7655657278831514,1
User 251,-0.0106332983104844,-0.3300581688162964,-0.4334297421399913,0.4023199501936804,0
User 252,-0.1784878320626122,-0.4249303737900844,0.4382583349870493,-0.7327008920840254,1
User 253,-0.525467709055569,-0.0169915423120813,-1.2428543851865304,0.3889571007948926,2
User 254,-0.2537735458155715,0.4148345565255773,-1.2428543851865304,0.9750607935249872,2
User 255,-0.9933278126890204,0.8656659646392103,-0.0598491376569747,-0.4379964138877836,1
User 256,-0.1786398364656469,0.9259865514993294,1.496736714355599,-0.2043647729326431,1
User 257,-0.213474938492123,-0.7812675965928341,1.745790450677611,-0.7136702960069148,1
User 258,0.1124318773137164,0.0885523991470366,-1.2428543851865304,1.4415856898129662,2
User 259,0.5272646696891987,-0.8892162593883662,-0.2466394398984823,-0.0452369502921094,0
User 260,-0.3114257957277734,-0.0034605610404631,-1.1805909511060275,0.7201723368262377,2
User 261,0.2609267295360967,-0.2154095247351228,-0.5579566103009974,0.0314930876889959,0
User 262,1.2417268166329165,0.5329082635731104,-0.2466394398984823,0.2230143558054278,0
User 263,0.6170826567070717,-0.4885838077680839,-0.0598491376569747,-0.46330241031588,0
User 264,0.7878081533765733,1.3780390430247695,-0.0598491376569747,0.4207428925981279,2
User 265,-0.1566903195024691,-0.5966837947274503,2.181634489241132,-0.5573763467055428,1
User 266,0.5942746699512957,0.2219126120000712,-1.0560640829450214,0.3037254427963027,0
User 267,1.0250081104292086,0.6755955601257061,-1.3051178192670334,0.7580972656310235,2
User 268,0.3023696768816237,0.8378714266709846,-0.2466394398984823,0.202228930385046,0
User 269,-0.7692559900570299,0.2559942971152942,-0.0598491376569747,-0.6507744977478247,1
User 270,0.4368737574078163,0.1385540983412942,-1.0560640829450214,0.0752901581962577,0
User 271,0.1352062206074228,-0.3976634256409574,1.434473280275096,-0.6600200347874075,1
User 272,-0.2789426410806236,-0.1386527786818391,-0.0598491376569747,0.1001247643011266,0
User 273,0.2825783101499819,-0.3361723054387924,-1.0560640829450214,0.7674109343453239,0
User 274,1.0204012627332124,0.7436204788594774,-0.7447469125425064,1.2206355815094363,2
User 275,-0.0171353177037101,0.2447332785490736,-0.2466394398984823,4.452678977104879,2
User 276,-0.8349713300580696,-0.75463415671724,2.243897923321635,-0.7759584405933422,1
User 277,-0.1421853762893783,0.3917443727145417,-1.1805909511060275,0.2823323637032582,2
User 278,0.7093337787996721,0.2120910460145351,0.0646777305040312,-0.4777443037105582,0
User 279,-0.8098624748925163,-0.8370054362791949,-0.0598491376569747,-0.6478724927339456,1
User 280,0.3201872943461361,-1.1185872119433329,-0.4334297421399913,-0.6328910773413222,0
User 281,-0.0209422958247559,-0.234637541134051,0.9363658076310734,0.3826817004439067,0
User 282,0.466326131014516,-0.1733905354350823,0.0646777305040312,-0.040040593937014,0
User 283,-0.071781329005231,0.8612039945100886,-0.4334297421399913,0.8429256649811036,2
User 284,0.2576485195856049,-0.1687461195320441,-0.4956931762204943,0.4479399817189309,0
User 285,-0.4140353800390124,-0.0936509516890368,0.5005217690675523,-0.3369712917997546,1
User 286,-0.8759859318620776,-0.1107842973405687,0.2514680327455403,-0.5717501084255032,1
User 287,0.4647877713492223,-0.2187852171484783,-1.1805909511060275,2.79660832834795,2
User 288,-0.5576666138079233,1.8247927539517677,0.0024142964235282,0.0857510025811662,2
User 289,0.0450338601377627,-0.7651511786860143,2.5552150937241502,-0.1444391113621498,1
User 290,-0.1618360508088521,-0.5706396134002347,1.559000148436102,-0.4887446700934119,1
User 291,0.8634696593466813,0.3121404010708212,-0.8070103466230094,0.8613486073855514,0
User 292,-0.6412015024062786,-0.5606501812505589,1.0608926757920794,-0.6398422630396887,1
User 293,-0.1973388265573748,-0.4285258868670205,0.5005217690675523,-0.8365598875112161,1
User 294,0.1130012614301898,-0.2742620978184002,-0.4334297421399913,-0.2113159586310095,0
User 295,-1.2670305251454788,-0.4034315412144507,0.4382583349870493,-0.8013325686961563,1
User 296,-0.6514828495792022,-0.5301431527904009,-0.7447469125425064,0.9101431706235515,2
User 297,-0.4466382316309074,-0.5150356788735824,0.0024142964235282,-0.5180998472059957,1
User 298,-0.517511609245203,-0.2888091533634221,-0.8070103466230094,0.4519210307287004,0
User 299,0.6785585007482171,-0.1021680791728185,-1.1805909511060275,0.0031488228975849,0
User 300,0.2009771901798892,0.408321567350818,-0.6824834784620034,-0.5146583201941713,1
User 301,-0.8780039435457667,-0.4422992521667062,0.9986292417115764,-0.5077071344958048,1
User 302,-0.3233358003800877,0.0838349168747741,-0.9315372147840154,0.9577168951164304,2
User 303,-0.3012954496040648,0.2856434267688602,-0.7447469125425064,0.9357842940254404,2
User 304,-0.37489755087707,-0.1344471741671656,0.2514680327455403,-0.690590519245317,1
User 305,0.1545312492533978,0.4523621610290306,-0.4956931762204943,0.5487607087828068,0
User 306,-0.5687612444248664,-0.2259474031257682,-0.4334297421399913,-0.3715909569421513,0
User 307,0.3812027867578907,-0.0066718011749118,0.4382583349870493,-0.2661133955211252,0
User 308,1.2402215680242812,1.7402957055648465,-0.9938006488645184,0.9836305452171896,2
User 309,0.437275203262873,-1.534937252450683,-0.6824834784620034,-0.1194682419078456,0
User 310,-0.2540430271720152,0.2453816454128077,-1.4919081215085424,0.9386862990393194,2
User 311,-0.6232116722572586,0.7082414855259027,-0.1843760058179793,-0.5792408161218148,1
User 312,-0.3787901142440903,-0.0360194384850546,0.7495755053895643,-0.7811547969484376,1
User 313,-0.4735330295583789,-0.1846584053042808,-0.5579566103009974,0.2563505819277811,0
User 314,0.4589174167851254,0.1915037972200619,-0.9315372147840154,0.0360817903714283,0
User 315,0.109460349463516,0.5549789356929974,0.5627852031480554,-0.203217597262035,1
User 316,-0.0831134087317305,-0.0363574522468341,-0.4956931762204943,-0.1646168831098686,0
User 317,0.5981535406244468,0.61741304026683,-0.5579566103009974,0.5458587037689275,0
User 318,-0.3969182800071996,-0.51090572467457,0.0646777305040312,-0.737289594766458,1
User 319,-0.3019696490857862,0.2871808140492679,-1.0560640829450214,1.1098935320585974,2
User 320,-0.6414578927765755,-0.7784326456461618,1.93258075291912,-1.0338170339806887,1
User 321,0.4345310793521186,-0.5322689451478789,0.2514680327455403,-0.726357360058322,0
User 322,-0.0130444812144991,0.2919888052273927,1.745790450677611,-0.3376470771471351,1
User 323,1.6555580450081522,0.0048767046158391,-0.2466394398984823,-0.5077071344958048,0
User 324,-0.7414821362617311,-0.7661983745695001,-0.3089028739789853,-0.8717190746515582,1
User 325,-0.4019507305624136,-0.2896390889972522,-0.9938006488645184,-0.1374879256637834,0
User 326,0.6582683074158225,-0.3334815248400393,-0.9938006488645184,0.4403811423479015,0
User 327,0.7020897384268625,1.580461081774338,-1.1805909511060275,0.8486615433341443,2
User 328,0.7597807972470707,0.2716205236251917,-1.2428543851865304,0.1676092652426493,0
User 329,0.1145894925996235,0.1589751879142439,-1.4919081215085424,0.0972227592872475,0
User 330,0.6195435212256373,-0.3749643660753869,-0.7447469125425064,0.1676092652426493,0
User 331,0.0850800553629687,1.1978347096698685,1.3099464121140914,-0.8348050581679449,1
User 332,-0.1273841941988437,-0.1498398538750148,-0.1843760058179793,0.4149388825703696,0
User 333,0.0597989729515694,-0.5901185720728254,0.2514680327455403,-0.1501068580404728,0
User 334,-0.0564452262174775,-0.7376815263644955,-0.8070103466230094,-0.1754128544685694,0
User 335,-1.0782809521897672,-0.020497423486975,-1.1805909511060275,-0.3848175429915037,1
User 336,0.2982938275195773,-0.2193961620575239,-0.2466394398984823,0.5275038930391976,0
User 337,-0.3616625961810381,0.2703863356308238,0.0024142964235282,0.274773524332229,0
User 338,-1.1095282167108478,-0.7592717213173,1.994844186999623,-0.4091126270984274,1
User 339,0.8059905221032218,0.0242280584733278,-0.6824834784620034,-0.356609541549528,0
User 340,0.0736758020912161,-0.2465423566945275,0.1892045986650373,-0.192285362553899,0
User 341,0.7349973860643688,0.7400771992624073,-1.0560640829450214,0.0522103814346598,2
User 342,0.8758022423011098,1.4483567668088504,-1.3051178192670334,0.7304969178617108,2
User 343,0.45765340141655,0.3077149523600552,0.9986292417115764,0.0965469739398668,0
User 344,0.7101907685414226,0.6124765672697831,-1.1805909511060275,0.740213845224521,2
User 345,-0.2483790071632566,-1.0016426279070416,0.8118389394700674,-0.2314937303787283,0
User 346,-0.8869002688141979,-0.3844504787130684,0.6873120713090614,-0.8676698939670708,1
User 347,0.3191965774357658,0.9018717351692948,-0.4334297421399913,-0.2354747793884981,2
User 348,-0.2714468762014935,0.2204742918711203,-0.3089028739789853,-0.2528868094717729,0
User 349,0.6128908298197593,0.2241608883448015,-1.4919081215085424,1.1029423463602308,2
User 350,0.6652703109501921,0.0623360842991399,-1.2428543851865304,0.9905817309155558,2
User 351,-0.053065881396745,-0.3088382652195984,0.5627852031480554,-0.2252183300277423,0
User 352,-0.1784911406638978,-0.4338412094657682,-0.0598491376569747,-0.6917376949159252,1
User 353,0.9830067202317272,0.12501541229539,-0.7447469125425064,-0.2327771693987717,0
User 354,-0.4454562016560789,-0.5317553369151615,1.434473280275096,-0.2857516452708987,1
User 355,-0.7049022949365108,-0.4334997582862436,1.745790450677611,-0.5182361105554311,1
User 356,-0.8757972555071953,-0.729297427036602,0.8118389394700674,0.2087087257601851,0
User 357,-0.0936962773733686,-0.3213680308080134,-0.7447469125425064,0.4170343702872289,0
User 358,-0.7416637672170184,0.1661530859530433,0.9986292417115764,0.6698954709438371,0
User 359,0.9963662259800088,0.1223751582338859,-0.3089028739789853,-0.3946707337037493,0
User 360,-0.3973162337260195,-0.3688068331990449,1.0608926757920794,-0.2339243450693799,1
User 361,-0.8105034542091192,-0.1765201274222001,-0.3089028739789853,-0.4730874693534079,1
User 362,0.602804532423869,0.3216987266064189,-0.8070103466230094,0.1773943242801773,0
User 363,0.7342525800561164,0.8601627964582722,-1.0560640829450214,0.9006251068850981,2
User 364,-0.37313574001345,-0.6410015869094702,1.496736714355599,-0.8319030531540659,1
User 365,0.5521173552416039,0.2128678711646791,0.2514680327455403,-0.0659542440377733,0
User 366,0.3017729437084753,0.5269382972985341,-0.9315372147840154,0.5234547123547104,2
User 367,0.3515242824718515,-0.0569315729262347,-1.0560640829450214,-0.0515123506430954,0
User 368,0.2858268365863043,-0.4345112626901694,-0.2466394398984823,-0.4540568732762973,0
User 369,0.0246709808269533,-0.3939836804702538,-0.3089028739789853,0.2880682420562989,0
User 370,0.0555888286518255,-0.7742036242956928,-0.9938006488645184,-0.5267377305729155,0
User 371,-0.1754773168078885,0.0404966540152898,1.434473280275096,-0.081679576452495,0
User 372,-0.3000864748646602,0.8213490494610106,0.4382583349870493,0.654845923876496,0
User 373,0.5310527493209415,-0.2828931510438396,-0.4334297421399913,2.05002524228256,2
User 374,1.32832483655403,-0.0564919080665618,-0.9315372147840154,0.7426444599151726,0
User 375,0.0495619545322168,0.236974982720427,0.2514680327455403,-0.1905305332106279,0
User 376,0.7414443825797188,1.2174221707433306,-1.2428543851865304,1.1636119249528225,2
User 377,1.1237180317436395,0.1460857222033823,-0.8070103466230094,0.7800979983967311,0
User 378,-0.1342335783146634,0.6368537235134238,1.434473280275096,-0.428143223175538,1
User 379,-0.2507937271432814,-0.7529229054410228,-0.4956931762204943,-0.4454189899093775,0
User 380,-0.2863561656461297,0.2345771126869909,-0.0598491376569747,-0.5117563151802921,1
User 381,-0.6204528161392289,-0.1875333386195662,1.2476829780335883,-0.8423638975389743,1
User 382,-0.5934622172502614,0.0451384859718913,1.3099464121140914,-1.100762012924266,1
User 383,0.1375659402220386,-0.2391863273033774,-0.3089028739789853,0.0812985632481689,0
User 384,-0.363410393093889,0.7930877133991467,0.0024142964235282,0.1495895814867116,0
User 385,-1.339678821307706,-0.859373309853452,1.2476829780335883,-1.1128414233030102,1
User 386,0.3872889281724955,0.4279378686008619,-1.1805909511060275,1.0090728049947213,2
User 387,0.3547454362859018,0.4204436431609503,-1.0560640829450214,0.1445294884810514,0
User 388,0.0946809087345324,-0.8366976671236769,-0.9315372147840154,-0.4027009633980062,0
User 389,-0.4454554996726655,-0.0426671627583187,0.5627852031480554,-0.3093028123557243,1
User 390,-0.5890273698035882,-0.579331481883646,0.5627852031480554,-0.3311672817719961,0
User 391,0.5451508497930027,0.6044930039042576,-0.4334297421399913,0.2125535114205193,0
User 392,-0.9242565833988128,-0.3252815782286784,1.3099464121140914,-0.7085420713265371,1
User 393,1.110334068482403,0.8147604099705902,-0.6824834784620034,0.3625720603709056,0
User 394,-0.2972269986162265,-0.8317985925488065,0.3137314668260433,-0.580387991792423,1
User 395,1.0754622932173952,-0.3633644567435668,1.683527016597108,-0.0897098061467518,1
User 396,0.4239946366672418,0.2387912989797707,-1.0560640829450214,0.3100008431472885,0
User 397,-0.1709854662540039,-0.314417960720018,1.559000148436102,0.0493083764207806,0
User 398,0.4043321052111178,0.0026995322498034,-0.4334297421399913,-0.0083229338084963,0
User 399,-0.7405786759101783,-0.2959947561765078,0.5627852031480554,-0.8129405887516729,1
User 400,-0.0853457957730547,0.7352138161670965,-0.4956931762204943,0.0198850676334791,2
User 401,0.2366040915153856,-0.504377046970813,0.1892045986650373,-0.5654065763997996,0
User 402,0.415881494696143,0.0690212069945805,-0.8070103466230094,0.5914787352941782,0
User 403,0.0933487388131125,-0.2209569661737273,0.4382583349870493,-0.0859957524360569,0
User 404,-1.195072341150178,-0.0972907144911271,0.7495755053895643,-0.6530688490890411,1
User 405,0.3459838079405813,1.057290345498452,-0.2466394398984823,0.6560612312218218,0
User 406,0.2807321882678902,0.4291363651156699,-0.7447469125425064,0.4323509126536445,0
User 407,-0.3848995813652034,-0.0286000098894959,0.0024142964235282,0.277675529346108,0
User 408,0.6652703109501921,0.0623360842991399,-1.2428543851865304,0.9905817309155558,2
User 409,0.074174033510341,2.1059443000056475,-0.9938006488645184,0.4403130106731838,2
User 410,0.9724516703085,1.7211790309611388,-1.4296446874280395,1.0182502103595863,2
User 411,-0.2454468007399592,-0.0794090813530961,0.2514680327455403,-0.364236512595275,1
User 412,0.4363234374259619,-0.0861341864171499,-0.8070103466230094,-0.4540568732762973,0
User 413,-0.1217005848568362,0.949644858456448,-1.4296446874280395,0.4870802178690425,2
User 414,-0.0757303758395306,1.0698435043901509,-0.9315372147840154,1.0155526003698605,2
User 415,0.2871825897275185,0.076272171402604,-0.5579566103009974,-0.4315847501873623,0
User 416,0.4673735726323682,0.5734349923217178,-1.2428543851865304,1.2887277361236222,2
User 417,0.1321865380691097,0.1419166391070651,0.5627852031480554,-0.6537446344364215,1
User 418,-1.1490031970481882,-0.7464473382209516,2.181634489241132,-0.9876574804574928,1
User 419,-0.4852929812319869,-0.6892694714630232,1.2476829780335883,-0.6611672104580155,1
User 420,1.4800516962590478,0.4567110824203151,-1.1805909511060275,0.5177188340016697,0
User 421,0.3095486733449261,0.93396383805276,-1.2428543851865304,1.0959911606618644,2
User 422,-0.4490443153402736,0.2006241883711148,-0.1843760058179793,-0.362481683252004,1
User 423,-0.0640395657137601,0.1746553548466237,-1.0560640829450214,1.3319908160327352,2
User 424,0.0061807923363923,-0.1265775365432978,0.7495755053895643,-0.6917376949159252,1
User 425,0.233917887437115,-0.3847356845040989,0.7495755053895643,-0.1531451264037873,0
User 426,0.6093949558825724,-1.026670734960853,-0.6824834784620034,-0.0606216243332426,0
User 427,0.5586159834234153,0.9307003409059336,-1.3051178192670334,0.2165345604302888,2
User 428,-0.5252484305796312,-0.0379488034822359,1.1854195439530857,-0.800793046698211,1
User 429,-0.8675706534067478,-0.6630888245621746,0.9986292417115764,-0.6698050938249354,1
User 430,0.0305187564067291,-0.617927968631252,1.93258075291912,-0.7252101843877139,1
User 431,-0.0620487939782863,-0.1094424604166376,0.9986292417115764,0.8729566274410678,0
User 432,0.7865308884449778,0.2393188887988694,-0.1843760058179793,0.2945480374314378,0
User 433,-0.2667176419076787,0.6339596877839078,-1.1805909511060275,0.3342277955794946,2
User 434,1.090703287226876,1.109833208070245,-1.4919081215085424,0.5395833034179418,2
User 435,0.5762635317713961,0.4592748091623377,-1.2428543851865304,0.0447196737383481,0
User 436,-0.1657111343861993,-0.284565296955264,0.4382583349870493,-0.6611672104580155,1
User 437,-0.528413684968563,-0.406438649214316,1.994844186999623,-0.5694557570842869,1
User 438,-0.0418268166356765,-0.1881294484709229,-0.9315372147840154,2.260781501500256,2
User 439,0.0813419360322618,-0.224788011975753,-0.4334297421399913,-0.5348360919418901,0
User 440,-0.4585716401248231,-0.9864629175597948,-0.8070103466230094,-0.3109895100242775,0
User 441,-0.5629496874940403,0.1798953296426473,0.5627852031480554,-0.182500303516371,0
User 442,-1.1623953279182986,-0.8382282031011069,1.683527016597108,-0.7234553550444429,1
User 443,-0.5036401744838439,-0.3420603445856131,0.0646777305040312,-0.7055719346379403,1
User 444,0.37560035661783,-0.1686330707942065,2.306161357402138,-0.4979220754582769,1
User 445,0.1472945215404662,-0.330510961791042,-0.2466394398984823,0.5096204726326952,0
User 446,-0.7128119753162105,-0.8766439745499252,0.8118389394700674,-0.982529255777115,1
User 447,-0.1024381095946886,0.7138434418778724,-1.0560640829450214,-0.0452369502921094,2
User 448,-0.201058806972178,-0.2590695383365058,0.6873120713090614,-0.0995629968589975,0
User 449,0.077228024823733,-0.1369423808769299,-0.4956931762204943,0.1104493453365998,0
User 450,0.3466443107957465,-0.6007155352463142,-0.9315372147840154,-0.2361505647358785,0
User 451,-0.6190256047439677,0.3460987487274838,0.6873120713090614,-0.6133209592662664,1
User 452,-0.7261439137583312,-0.3691848293294374,-0.8070103466230094,-0.106309787533211,0
User 453,0.1286882221919687,0.1639205216698223,-0.4334297421399913,-0.1496354677172452,0
User 454,0.0892607713551548,0.4080886185721651,-0.7447469125425064,0.4864725641963795,0
User 455,-0.3371557217881069,-0.1160762031035207,0.5627852031480554,0.0839961732378951,0
User 456,0.196952239155655,-0.2037551004899373,0.7495755053895643,-0.3279301497843249,1
User 457,-0.4282644968534434,-0.7981845354660185,-1.2428543851865304,-0.4869898407501409,0
User 458,-0.6150501859620625,-0.8392519821487968,-0.9315372147840154,-0.403308617070669,0
User 459,0.4669666044240513,0.2821218570649688,-1.2428543851865304,0.6214415660794249,0
User 460,-0.5399723973487719,-0.0391995570094214,0.0024142964235282,-0.3497264875258793,1
User 461,0.5722447858779847,-0.3916257928054307,0.0646777305040312,-0.1299972179674717,0
User 462,-0.295761781911351,-0.9461551795359716,0.8118389394700674,-1.0707310504643015,1
User 463,0.1069518638631759,-0.4956018233974545,0.0024142964235282,-0.4771366500378953,0
User 464,0.2505558316106118,0.3354261352383336,0.7495755053895643,0.229829278154359,0
User 465,0.304330288372761,-0.4329738754097618,-1.1805909511060275,-0.0474631699586081,0
User 466,0.7007975791502782,0.2058264622320251,-0.5579566103009974,0.8498768506794698,0
User 467,-0.2498505371400294,-0.6033315190007144,1.559000148436102,-0.6399103947144064,1
User 468,0.4060009615788497,-0.0715637140363322,-0.1843760058179793,-0.2487013654378502,0
User 469,-0.2444120351017706,-0.4844295832619679,1.994844186999623,-0.3342055501353107,1
User 470,-0.4433462326435535,-0.510136604298712,1.3099464121140914,-0.5527195123483926,1
User 471,0.0486084599639545,0.1638699951325729,-0.6824834784620034,0.5181220926501795,0
User 472,-0.2487424502163728,-0.2328749098492764,1.0608926757920794,-0.6357930823552014,1
User 473,-1.0945606394726932,0.0971825989011677,1.3099464121140914,-0.6392346093670258,1
User 474,0.1310330774675654,-0.4961902284745248,-0.1843760058179793,0.045531722435164,0
User 475,-0.6474363016655449,-0.1516327532985629,0.9986292417115764,0.1570802891830232,0
User 476,0.7130977805297442,0.3955371666230827,-0.9938006488645184,0.7674109343453239,0
User 477,-0.598215347187989,-0.2020646821030788,1.1854195439530857,0.3191782485121537,0
User 478,-0.9478420391560012,-0.4563578232574226,0.8118389394700674,-0.2869669526162245,0
User 479,0.3434754968183381,0.3372964154526713,-0.5579566103009974,1.567979408604013,2
User 480,0.9566639325180604,-0.3073000244678825,0.4382583349870493,0.0187378919628711,0
User 481,-0.6705812690513198,-0.2392896618113753,-0.4956931762204943,0.0251495556632924,0
User 482,-0.0270174502381145,-0.0854241508241353,-0.7447469125425064,0.6198230000855891,0
User 483,-0.5250146403668209,-0.6234154482831927,0.7495755053895643,-0.4719402936827997,1
User 484,0.9181135411323668,2.05425391289966,-0.3089028739789853,0.5580062458223894,2
User 485,0.8028751830326681,0.7969995538771948,-0.8070103466230094,0.5095523409579774,0
User 486,-0.7139731656351999,-0.3729367873980571,0.0024142964235282,-0.2114522219804449,0
User 487,0.2905274485633385,-0.5636198908282478,-0.3089028739789853,-0.3530998828629861,0
User 488,0.8640385348769456,-0.2227681380727096,0.5005217690675523,-0.4615475809726093,0
User 489,0.0217114743577799,-0.4812409064920064,1.808053884758114,-0.647401102410718,1
User 490,-0.1558304293842178,-0.2193456355202749,-0.5579566103009974,0.0206971163302952,0
User 491,-0.2451764666886026,-0.1491149832243112,1.559000148436102,0.2084361990613144,0
User 492,0.073703892969983,-0.1949127848465118,1.808053884758114,-0.8400014145230403,1
User 493,-0.7276057767838209,-0.8872652080305178,0.5005217690675523,-0.8088232763924679,1
User 494,0.3019782471581172,1.5712867266682908,-1.4296446874280395,0.963992295467416,2
User 495,-0.3985631625959036,0.8962486434150296,-0.1843760058179793,-0.353707536535649,1
User 496,-0.1834753300159478,-0.8497924209533668,2.181634489241132,-0.7834491482896538,1
User 497,-0.5964761816457129,-1.1506630282744053,0.7495755053895643,-0.5717501084255032,1
User 498,0.2538458370608258,0.5020318207606665,-1.0560640829450214,0.7886677500889331,2
User 499,0.2090405273232197,0.2469938295375683,0.4382583349870493,0.560840119161551,0
User 500,0.4878293799407341,-0.4532133962126157,0.1892045986650373,-0.2758984545586531,0
User 501,0.0597978794415257,0.9627387588148296,-1.3051178192670334,0.5476135331121987,2
User 502,1.4143507911990525,0.199200424319428,0.1892045986650373,-0.1410657160250431,0
User 503,-0.1053074100320114,0.2843475700452119,2.0571076210801262,0.7113300584351648,0
User 504,-0.1315806094736543,0.2822731576962913,0.5627852031480554,-0.6646768691445577,1
User 505,0.3092079758888442,-0.5620085601747954,-0.0598491376569747,-0.3358241161291465,0
User 506,0.6964736104592942,0.0974632348227202,0.9986292417115764,-0.5307869112574027,1
User 507,0.0714224371086932,0.3470277515127702,-0.5579566103009974,0.0943207542733683,0
User 508,0.8445018470247513,-0.3052732992618611,-0.9315372147840154,0.6786014859854744,0
User 509,0.8722041762289798,-0.8319924359626668,-0.3089028739789853,-0.0106172851497125,0
User 510,-0.2890703265898441,-0.0787173417680276,1.1854195439530857,-0.8844061387029651,1
User 511,0.6295347558887758,0.6797255143247183,-0.8070103466230094,0.7713919833550937,2
User 512,-0.693450819889255,-0.719325413891052,2.5552150937241502,-0.8844061387029651,1
User 513,-0.28861978028283,-0.0731150829031209,0.2514680327455403,-0.038285764593743,0
User 514,0.7296296477902361,1.4612862148883252,-1.2428543851865304,1.108814488062707,2
User 515,-0.7221003895201253,-0.9443448611082976,0.8118389394700674,-0.6219588426331862,1
User 516,0.9538463893002314,0.4997113315180199,-0.8070103466230094,1.100647995019015,2
User 517,0.0816179582205225,-0.7398915272832292,0.2514680327455403,-0.1425480186694435,0
User 518,0.2387291960599,-0.1990949725253897,0.2514680327455403,0.6404721621565355,0
User 519,-0.2406642461406151,-0.5959763430808723,0.0024142964235282,-0.7938418609998446,1
User 520,0.6850206761093184,-0.3448952955322855,-0.4334297421399913,-0.4211920374771715,0
User 521,-0.59347185909567,-0.3130090552585322,-0.3089028739789853,-0.9224673308571864,1
User 522,0.5242580796772988,0.4734082006299189,-0.5579566103009974,0.6947300770487058,0
User 523,-0.5178676902551633,0.2569084648428916,-1.4919081215085424,0.9974647849392044,2
User 524,-0.4860381251953048,-0.5369507594730938,0.7495755053895643,-0.6790506308645181,1
User 525,1.0330139257927828,1.105401785060321,-1.3051178192670334,0.9847777208877976,2
User 526,0.6236488566005074,0.0498054652394167,-0.0598491376569747,0.3469148596309017,0
User 527,0.227417245512372,0.1037346934407201,-0.4334297421399913,0.0614559184742425,0
User 528,0.2640570646094561,-0.473650197847075,-0.4334297421399913,-0.4384678042110112,0
User 529,-0.0465074690117408,0.0111698495945057,0.4382583349870493,-0.6629220398012865,1
User 530,-0.3712809204237486,-0.6896857194869006,-1.1805909511060275,-0.4436641605661067,0
User 531,-0.1773290085137619,-0.97021688538232,-1.4296446874280395,-0.2983024459728705,0
User 532,-0.0863678808182417,-1.0329281884599602,-1.0560640829450214,-0.2406030040688758,0
User 533,-0.2058940240043538,0.2594402165035243,-0.4334297421399913,0.199326925371167,0
User 534,-0.0211292646214753,-0.4439254178778476,0.6873120713090614,0.1294799414137104,0
User 535,-0.3168485824964615,-0.4458921812972054,0.0646777305040312,0.3053440087901384,0
User 536,-0.5106358457414769,-0.045162369468083,0.3137314668260433,0.2056023257221529,0
User 537,1.1914744842209584,1.3578680422541736,-0.9938006488645184,1.3608690714222949,2
User 538,-0.0261377538238136,0.933187866373924,-0.9315372147840154,0.8076983461660439,2
User 539,0.6063469349001831,0.4899314313112013,0.5627852031480554,-0.3676099079323818,1
User 540,0.0352430258059751,-0.0350781610560036,-0.4956931762204943,-0.6156153106074826,1
User 541,-0.086264286108942,-0.4258108359611636,0.0646777305040312,-0.4934015044505621,1
User 542,-0.5780149216566894,-1.712630092543427,0.2514680327455403,-0.8728662503221662,1
User 543,-0.172681514865876,-0.1416102136157636,0.0024142964235282,-0.6202040132899151,1
User 544,-0.3690107878927703,-0.3438837911283596,1.683527016597108,-0.2707702298782753,1
User 545,0.2664227259415632,-0.3249852302456167,-1.2428543851865304,0.166462089572041,0
User 546,-0.0165920280493071,0.7668687910723015,0.5627852031480554,-0.7096211153224277,1
User 547,-0.7518153462018143,-0.3618653448891556,0.7495755053895643,-0.6582652054441365,1
User 548,-0.2623721393044994,0.124621704103488,-0.4334297421399913,-0.4246335644889961,1
User 549,0.0276374434211604,0.5855493398250519,-0.5579566103009974,0.2443393032237546,0
User 550,-0.1793636963030085,-0.5173361886981781,1.683527016597108,-0.5210018522198748,1
User 551,0.1579389438054718,-0.0127927891003857,0.5627852031480554,-0.5948980168618188,1
User 552,1.161477865395845,0.9691840814286392,-0.8070103466230094,0.9922684285841094,2
User 553,0.2931821249625112,0.1762538598979402,-0.5579566103009974,-0.0123721144929837,0
User 554,0.6178864136535044,-0.461454178663898,-1.1805909511060275,0.171187055603909,0
User 555,-0.0636713953597279,0.5924534297127647,-0.3089028739789853,-0.4315847501873623,1
User 556,0.0827325395586055,0.3399132526783799,-1.2428543851865304,0.9864644185563513,2
User 557,-0.6470613735694994,-0.2102532310744955,0.2514680327455403,-0.5665537520704078,1
User 558,-0.3751145367852758,0.1494979360350939,-0.0598491376569747,-0.5077071344958048,1
User 559,-0.1527650356380239,-0.0531170926570266,1.683527016597108,-0.8146272864202262,1
User 560,0.629348038079247,-0.571806709324536,0.4382583349870493,-0.7852039776329249,0
User 561,-0.3352932617555221,0.0112089784918107,-0.6824834784620034,0.4536077283972538,0
User 562,0.2796900459394631,0.995687907033578,-1.3051178192670334,1.2540399393065076,2
User 563,0.2093827437546223,-0.0286008633608041,-0.3089028739789853,0.6191472147382088,0
User 564,-0.4789967963013343,-0.2517883057897087,0.4382583349870493,0.2252405754719263,0
User 565,0.0506493149269366,-0.0995912243157232,-0.9938006488645184,-0.3340692867858754,0
User 566,0.2502883254976874,-0.3419387140696692,0.4382583349870493,-0.271446015225656,0
User 567,0.4587097868290954,0.8120913392650163,-1.4296446874280395,1.2575495979930498,2
User 568,0.6481747941177995,0.5047303061337058,-1.1805909511060275,0.7603916169722398,2
User 569,0.4209349271252538,0.8593571311315462,-1.1805909511060275,0.7131530194531538,2
User 570,0.2559542615670956,-0.755811820342689,1.434473280275096,-0.6231060183037943,1
User 571,0.5192563933379579,0.8872490293086122,-1.1805909511060275,0.7131530194531538,2
User 572,-0.443451003898086,-0.6907634624895849,1.808053884758114,-0.943252756277568,1
User 573,0.410025455706827,0.0052321609142563,-1.2428543851865304,0.2568901039257265,0
User 574,-0.8092736861786722,0.5957317619172801,1.93258075291912,-0.6715599231682065,1
User 575,0.5491187597529497,0.1660680003879674,-0.0598491376569747,-0.0295797495521056,0
User 576,0.2576485195856049,-0.1687461195320441,-0.4956931762204943,0.4479399817189309,0
User 577,0.3163364041040138,-0.4822898093181087,-0.4956931762204943,-0.6738542745094227,0
User 578,-0.3669581948485741,-0.155375020669855,0.2514680327455403,-0.4413698092248903,1
User 579,-0.5595402213534444,-0.2566733987781981,0.3137314668260433,-0.4286827451734831,1
User 580,-0.1390754174494946,-0.388835945055221,-0.7447469125425064,0.877278334824426,2
User 581,-0.2571286331323802,0.057079846483236,0.0646777305040312,-0.3261753204410538,1
User 582,0.102617051537338,0.0736048076396466,-0.3089028739789853,0.2096515064066401,0
User 583,0.120128539598471,-0.2024044263399868,-0.1843760058179793,0.0528861667820403,0
User 584,-0.2444586378433041,-0.0288198540855882,0.2514680327455403,-0.6698050938249354,1
User 585,-0.3893056571228735,-0.7676923655960617,1.434473280275096,-0.6530688490890411,1
User 586,-0.0390022455980811,-0.4092736001609885,1.2476829780335883,-0.463910063988543,1
User 587,-0.6244202175986895,-0.385648121756568,-0.0598491376569747,-0.5608860053920848,1
User 588,-0.2776209506273823,-0.4255553238180231,0.3137314668260433,-0.8388542388524323,1
User 589,-0.3833345530283992,0.3516581858294273,-0.9315372147840154,1.1993106340911095,2
User 590,0.4251565802345359,0.4860569892553295,-0.0598491376569747,-0.726357360058322,1
User 591,-0.14219137944382,-0.1504967789843434,-0.2466394398984823,-0.1236536859417681,0
User 592,-0.1064750054908783,-0.548415056702589,0.7495755053895643,-0.9265165115416738,1
User 593,-0.6435476446748462,0.1379065849488681,-0.4334297421399913,2.800725640707155,2
User 594,0.4755400008846068,0.2927290854266687,-0.1843760058179793,0.2143083407637904,0
User 595,-0.0185917965229706,-0.6022911744202066,-0.3089028739789853,-0.3203713104132955,0
User 596,0.4484917910796598,-0.3528788353652989,-0.2466394398984823,0.026768121657128,0
User 597,-0.2016901254385318,-0.4406245458413571,1.745790450677611,-0.4840878357362618,1
User 598,-0.0247657755732641,-0.3238492559313969,-0.8070103466230094,-0.2931060896177749,0
User 599,0.0730198006556634,0.3536988926218298,-0.4334297421399913,0.5804783689113245,0
User 600,-0.2063578547804412,0.9342567250855648,-0.2466394398984823,-0.5994185878695335,1
User 601,-0.4983509429990865,-0.1294872843343231,0.8118389394700674,-0.302487890006793,1
User 602,-0.0922676384456959,-0.291809984551193,-0.5579566103009974,4.113706038078148,2
User 603,-0.1478067662699483,1.0061144200964902,-1.0560640829450214,0.980189018205365,2
User 604,-0.9385027142738788,-0.6555729127615958,1.434473280275096,-0.7852039776329249,1
User 605,1.3482487264965095,0.193169091828508,-0.9315372147840154,0.9267431520100108,0
User 606,0.5135510426772606,-0.402148812605875,-1.6786984237500515,-0.3013407143361849,0
User 607,-0.4096772253084998,-1.001680026329218,1.434473280275096,-0.232709037724054,1
User 608,0.0569123371967127,-0.3160544151518822,-0.0598491376569747,-0.2609170391660298,0
User 609,0.2194222334672971,1.6463453495604303,0.4382583349870493,0.2655961189673639,0
User 610,-0.6726174094788531,-0.5447752939004985,0.0646777305040312,-0.3242842277483475,0
User 611,-0.0647274918280074,-0.3950083129892525,0.2514680327455403,0.7172022001376406,0
User 612,0.1626344114240114,-0.0962269530748237,-0.9315372147840154,0.3383451079386996,0
User 613,1.010717006235668,-0.3280174620238942,0.0024142964235282,-0.3774630986446273,0
User 614,-0.5449862132530857,0.948383265250168,1.559000148436102,-0.5180998472059957,1
User 615,0.7880954936231811,-0.465178150027244,-0.6824834784620034,0.0222475506494131,0
User 616,-0.5885855993392881,-0.868086011226222,1.994844186999623,-0.7638790302145979,1
User 617,-0.2211311969793872,-0.1551394879447651,-0.0598491376569747,-0.3109895100242775,0
User 618,0.4342170205615895,0.5001372702392252,1.93258075291912,-0.5043337391586981,1
User 619,0.7676428376784943,-0.4367127053633086,0.2514680327455403,-0.5533271660210555,0
User 620,-0.4574189027656137,-0.3602731401824456,0.9986292417115764,-0.5602783517194219,1
User 621,-0.5838632548334841,0.083372688650614,0.2514680327455403,-0.617302008276036,1
User 622,0.3857904382732707,0.5314767947471374,-1.1805909511060275,0.1814435049646646,2
User 623,-0.3009620050826667,0.8741996811883217,-0.0598491376569747,0.4616379580915106,0
User 624,-0.1606043565456851,-0.0005585180237244,0.6873120713090614,-0.2897326942806683,1
User 625,-0.7447811518436724,0.4245901628927802,0.5005217690675523,0.0821732122199064,0
User 626,0.2583339470220422,-1.195770773721642,-0.9938006488645184,-0.2671924395170157,0
User 627,1.2795676147452195,0.5802408685292821,-0.8070103466230094,0.314050023831776,0
User 628,-0.3802244134710457,0.2043872886317659,-0.9315372147840154,0.2055341940474352,0
User 629,-0.9554557545829748,-1.0339242833153135,0.5627852031480554,-0.7055719346379403,1
User 630,-0.1711174735240535,1.0662448564084068,-0.8070103466230094,-0.7286517113995383,2
User 631,-0.8106821847879168,0.3891963345015167,0.9363658076310734,-0.7413387754509454,1
User 632,-0.1236387885676772,-0.1339578362415519,1.994844186999623,-0.8665227182964627,1
User 633,-1.1711896555878556,-0.4208378180132487,0.5627852031480554,-0.452370175607744,1
User 634,0.6090127525729188,0.3325172409186165,-1.1805909511060275,0.7962265894599624,2
User 635,-0.5304853420616336,-0.0925029817114779,-0.3089028739789853,-0.2459356237734064,0
User 636,0.1733703429869312,-0.3251590942414259,0.3137314668260433,0.5465344891163083,0
User 637,0.803446072730936,-0.0401259758482716,-0.8070103466230094,0.1814435049646646,0
User 638,0.4757425144054975,-0.4870838189098526,-0.4956931762204943,0.2639775529735282,0
User 639,-0.1804654337094486,-0.0705590609353846,1.808053884758114,-0.2914193919492218,1
User 640,-0.4799118374964944,0.3129825878159036,0.0646777305040312,-0.7107682909930357,1
User 641,1.2422044996471542,0.4646572473636641,-0.0598491376569747,1.1872312237123657,0
User 642,0.845197979672345,1.640101877647704,0.0024142964235282,-0.2631432588325284,2
User 643,-0.1923705852541985,0.578136762532471,-0.6824834784620034,-0.281566201236976,1
User 644,-0.4062048633539893,-0.2459331187280982,0.5005217690675523,-0.351952707192378,1
User 645,0.8697876770817823,1.405857851300099,-0.9938006488645184,0.4864725641963795,2
User 646,-0.5309833950699743,-0.1756145414727088,0.0024142964235282,-0.7413387754509454,1
User 647,-0.1926994430141101,-0.1074068979845966,-0.4334297421399913,-0.3715909569421513,0
User 648,-0.938404503770796,-0.1401701865441962,1.808053884758114,-0.7644185522125432,1
User 649,-0.0611138811174399,0.5084154511126838,0.7495755053895643,-0.4852350114068698,1
User 650,0.6020216729768559,0.2250647438191642,-1.2428543851865304,0.0591615671330262,0
User 651,0.2716293388938692,0.1247573162058131,-0.0598491376569747,-0.4286827451734831,1
User 652,-0.7669387939555627,-0.4258725046904438,1.496736714355599,-0.9502039419759344,1
User 653,-0.5309833950699743,-0.1756145414727088,0.0024142964235282,-0.7413387754509454,1
User 654,-0.085314347196458,-0.1416467585666317,0.7495755053895643,-0.4800386550517744,1
User 655,-0.3418173525999901,0.1109202962538055,-1.2428543851865304,0.9328822890115612,2
User 656,0.2994148251369823,0.6491436890202078,-1.2428543851865304,1.025201396057953,2
User 657,-0.2306507178440737,0.1334203445126422,0.8118389394700674,-0.2188747980020388,1
User 658,0.688075103485118,-0.7327590349538298,-0.4334297421399913,-0.0567768386729084,0
User 659,-0.0543673449887441,-0.3563161965079346,1.93258075291912,-0.5620331810626928,1
User 660,-0.4157488152332983,0.0129810214934882,1.1854195439530857,-0.4483209949232568,1
User 661,0.152957131768098,0.9169503924420436,-0.8070103466230094,0.9132440392617877,2
User 662,0.2163419427827063,-0.5701711083639799,-0.4334297421399913,-0.1335068766540137,0
User 663,0.0959099787142527,0.1778146640141436,-1.3051178192670334,0.9230290982993156,2
User 664,0.0951678102972401,-1.0925787220956773,1.1854195439530857,-0.5867315238181265,1
User 665,-0.9743325522888676,-0.3130230368449131,1.808053884758114,-0.0014398797848476,0
User 666,0.1239068441378565,0.4125149207542392,1.2476829780335883,0.3911833204613913,0
User 667,1.091151842017278,0.481694086277664,-1.0560640829450214,5.787455712217427,2
User 668,0.1845548593462111,-0.1881808284794801,0.3137314668260433,0.6053811066909112,0
User 669,-0.8389012797865032,-0.6630280093042026,1.496736714355599,-0.5153341055415518,1
User 670,-0.4704393827957168,-0.1955011899235824,1.559000148436102,-0.7286517113995383,1
User 671,0.0320086940378914,-0.2378739050469117,2.0571076210801262,-0.5031184318133723,1
User 672,1.031900467003294,1.3701936757080055,-0.9315372147840154,1.0205445617008024,2
User 673,-0.2929093532308596,-0.9009534877651276,-0.8070103466230094,0.0585539134603634,0
User 674,-0.6447632817806681,-0.4049081132368862,-1.2428543851865304,-0.570602932754895,1
User 675,-0.2687362022698603,-0.963922886932345,-1.4296446874280395,-0.3836703673208956,0
User 676,-0.8447773698196862,0.6295647861923405,-0.0598491376569747,-0.8013325686961563,1
User 677,-0.737050824923682,-0.5458981400996455,1.683527016597108,-0.9271241652143364,1
User 678,1.4316949298026849,-0.1851945533689735,-1.1805909511060275,0.6185395610655459,0
User 679,-0.0437468223003489,-0.91055094219803,2.0571076210801262,-0.2488376287872856,1
User 680,-0.3594925389489116,-0.3133993260326893,1.434473280275096,-0.6461857950653922,1
User 681,-0.0866883660601526,-0.9286506890570252,0.1892045986650373,-0.280419025566368,0
User 682,0.0311700256412709,0.0395685047013113,0.6873120713090614,-0.7910079876606833,1
User 683,0.3936991807545208,-0.4002402804980526,-0.9315372147840154,0.2315841074976299,0
User 684,0.0447263695390068,0.3981522733736627,-0.2466394398984823,-0.5180998472059957,1
User 685,0.4911863281206259,1.185947034133093,-0.9315372147840154,0.624951224765967,2
User 686,0.548790748448579,0.0235057717690607,-1.2428543851865304,0.8204535418921686,0
User 687,0.1241240045241602,0.1869958468906568,0.0646777305040312,-0.2966838799790347,0
User 688,-0.0852132185655903,-0.5123006485496747,0.1892045986650373,-0.436173452869795,0
User 689,-0.4457005539471836,-0.3697715274638914,0.7495755053895643,-0.7852039776329249,1
User 690,0.0001760173673104,0.1475388773900225,0.2514680327455403,0.1099779550133722,0
User 691,-0.121641914369468,-1.1876830223768104,-0.2466394398984823,-0.7580750201868396,0
User 692,-0.452975255996386,-0.3637704395792331,1.559000148436102,-0.4190339494853906,1
User 693,-0.7192984337121706,-0.7971964478978881,0.8118389394700674,-1.0084429058778746,1
User 694,-0.3552479689002434,-0.090363207767619,0.4382583349870493,-0.5855843481475184,1
User 695,0.5065692133999861,-0.17191225647003,-1.1805909511060275,2.783921264296543,2
User 696,0.5344029432664469,-0.1353527601166565,-0.0598491376569747,-0.5832899968063021,0
User 697,0.5482836435044812,0.6038055316757308,1.434473280275096,-0.0625808487006667,1
User 698,-0.01758535157755,-0.9855573316103036,-0.9315372147840154,-0.2215724079917652,0
User 699,-1.051498284966575,-0.5254230865717016,1.3722098461945944,-0.6577256834461911,1
User 700,-0.6950666909412329,0.0851159150082211,1.2476829780335883,-0.0868078011328727,0
User 701,-0.3464299524632384,0.0088944635483218,-0.9315372147840154,0.0920945346068697,0
User 702,0.7483786760313603,0.5511895792022011,-0.2466394398984823,0.4415283180185096,0
User 703,0.2656162832747558,2.382735782476212,-1.0560640829450214,0.9531963241087154,2
User 704,-0.0735095533687204,-0.0281863458120553,1.745790450677611,-0.642136614380905,1
User 705,-0.1820897465817512,-0.2667070806530286,1.808053884758114,-1.026326326284377,1
User 706,-0.636434101971872,-0.6003409765336664,0.4382583349870493,-0.7424859511215534,1
User 707,-0.0330794897603901,-0.2674770545001949,-0.3089028739789853,-0.4402226335542821,0
User 708,0.3642421373511471,-0.2049239033568551,-0.6824834784620034,0.2731549583383932,0
User 709,-0.0421302201406517,-0.9290129731259084,-1.0560640829450214,-0.1552350827208506,0
User 710,-0.3487044420274353,-0.0589514468292782,1.0608926757920794,-0.446702428929421,1
User 711,0.7245133346193533,0.1494474094978449,-0.9938006488645184,0.5177188340016697,0
User 712,0.1027312061565969,0.4178938980053088,-0.7447469125425064,-0.3392656431409708,1
User 713,0.2512930475260455,-0.3919038683130584,1.808053884758114,-0.7084739396518194,1
User 714,0.2660631088230009,-0.4197957664901244,0.0024142964235282,-0.690590519245317,0
User 715,-0.2723304511544953,0.8706190031690749,1.559000148436102,-0.3861009820115472,1
User 716,-0.6295543657548011,0.3192940052700046,1.559000148436102,-0.8377070631818241,1
User 717,-0.2825139557853816,-0.7269777912652637,0.4382583349870493,-0.6917376949159252,1
User 718,-0.3725384113719394,0.7189181109236813,-0.9315372147840154,0.9951704335979884,2
User 719,0.8062568923168756,0.2726026368941643,-0.6824834784620034,1.0171030346889782,0
User 720,0.597483887726183,0.5119830010168577,-1.1805909511060275,1.1745441596609585,2
User 721,0.099073472515792,0.5714353768171501,-0.7447469125425064,-0.3352164624564836,2
User 722,-0.9791985375124752,-0.7624221461937766,2.243897923321635,-0.7401915997803371,1
User 723,0.5938171272554966,-0.5663940265169481,-0.5579566103009974,0.264585206646191,0
User 724,-0.2045496970625496,-1.1575288662686332,-1.0560640829450214,0.0321688730363763,0
User 725,-0.7332349644448815,-0.6770352003863617,1.0608926757920794,-0.7315537164134174,1
User 726,0.5175481537241845,0.5926124586508852,-1.0560640829450214,0.1825906806352727,2
User 727,0.3271793180800214,-0.0301625209483158,0.0024142964235282,-0.1714999371335173,0
User 728,0.8190925405063965,0.4511610805677859,0.5005217690675523,0.3516398256627696,0
User 729,-0.3417155334118984,0.6901571482154804,-1.0560640829450214,2.079045292421352,2
User 730,1.3500657754049363,0.4043489351473097,-0.8070103466230094,0.2505465719000229,0
User 731,0.2624211748262443,-0.1781462931333415,1.1854195439530857,-0.10415169954143,0
User 732,0.1283247728994907,-0.5429275770506482,0.9986292417115764,-0.160431439075946,0
User 733,-0.0391300187087911,-0.682506967976793,-0.9315372147840154,-0.0515123506430954,0
User 734,-0.3848043503411227,0.93008254469391,0.1892045986650373,0.5441038744256568,0
User 735,-1.0092574181837408,0.0130541113952245,1.496736714355599,-0.8359522338385532,1
User 736,-0.0863939138433733,-0.6544951697589116,-0.4956931762204943,-0.2677319615149608,0
User 737,0.1850721950779831,0.5631215044641311,0.0646777305040312,-0.3589038928907442,1
User 738,0.7763425523047874,-0.0112311315128743,-0.8070103466230094,0.6786014859854744,0
User 739,0.299632385882698,0.2851680704296271,-0.0598491376569747,0.2443393032237546,0
User 740,-0.1443285305609804,-0.6736492427847951,1.559000148436102,-0.6992965342869544,1
User 741,0.4557577361526614,0.666471731556908,-0.9315372147840154,0.3487378206488905,2
User 742,0.3618624369623849,-0.4129898667500482,-1.2428543851865304,0.1687564409132575,0
User 743,-0.0352584332829688,-0.4175951772882933,-0.1843760058179793,-0.6969340512710206,0
User 744,-0.0272109872265951,-0.5306933059739867,0.2514680327455403,-0.499069251128885,1
User 745,-0.3154422725333167,-0.2293099438915388,-1.0560640829450214,-0.2505924581305565,0
User 746,-0.2750173483833973,0.3117692327108947,-0.9315372147840154,0.1349488244676764,0
User 747,-0.3827995205441646,1.1915407112198937,1.1854195439530857,-0.570602932754895,1
User 748,0.0393048988018617,0.4875786644742279,-1.3051178192670334,1.8107939863238147,2
User 749,-0.8505845246391932,-0.5821490138261928,1.0608926757920794,-0.6427442680535679,1
User 750,0.1316565368164776,-0.5581706630697916,-0.0598491376569747,-0.3555304975536376,0
User 751,0.510994985005957,0.5108070443340251,-1.2428543851865304,1.03788846010936,2
User 752,-0.2663428219527074,-0.2002578010931497,1.0608926757920794,-0.4334077112053511,1
User 753,0.5942746699512957,0.2219126120000712,-1.0560640829450214,0.3037254427963027,0
User 754,0.2885805360054438,-0.450281085057103,0.8118389394700674,-0.2061877339506317,0
User 755,0.3903049341484988,0.3652856503060653,-0.9315372147840154,0.3741800804264222,0
User 756,0.7575099075351016,0.1925823936940544,1.683527016597108,-0.2886536502847778,1
User 757,0.3407447741495131,-0.9690940391831732,-0.4334297421399913,-0.6254003696450106,0
User 758,-0.3545730059981698,-0.4696392902175697,0.0024142964235282,-0.5504251610071762,1
User 759,-0.7118421621446206,0.2023057459994422,0.0024142964235282,0.1404121761218465,0
User 760,0.0996067851014564,-1.1498565094763709,-1.1805909511060275,-0.9224673308571864,0
User 761,0.1809973327109179,-0.0645588265220343,-0.8070103466230094,0.3446886399644032,0
User 762,-0.04868219997324,-0.213199523816389,-1.4296446874280395,0.0880453539223824,0
User 763,0.4932479100376278,0.0035791409495743,1.559000148436102,-0.2459356237734064,1
User 764,-0.0817294100675514,0.0197869212335644,0.5627852031480554,0.1248912387312779,0
User 765,-0.1868562100850944,0.1936678414710247,-0.9938006488645184,0.2235538778033729,0
User 766,-0.4731705283364098,0.0436479323630745,1.3099464121140914,0.0688784944958366,0
User 767,-0.6172889013474256,-0.2170365674500846,-0.4334297421399913,-0.2694867908582319,0
User 768,0.4936581917473145,0.0918906931382155,-0.9315372147840154,0.0165116722963726,0
User 769,0.9870350863723104,-0.5580958662254388,-1.0560640829450214,-0.2279159400174688,0
User 770,-0.1407164064273549,-0.7240046442698298,0.1892045986650373,0.4374791373340223,0
User 771,0.0363273677972198,-0.3974227485555059,0.7495755053895643,-0.0112249388223755,0
User 772,-1.489842145577957,0.101788762910721,0.3137314668260433,-0.4548007902983956,1
User 773,-0.1273580997367726,0.0624856779878458,0.0024142964235282,0.0476216787522272,0
User 774,-0.6574773195582023,-0.7679096258457174,-0.3089028739789853,-0.5942222315144381,1
User 775,-0.5221922806261077,1.0095189291539155,0.9986292417115764,-0.46330241031588,1
User 776,1.299078397771327,0.3187196053118268,-1.0560640829450214,1.1523445632708944,0
User 777,0.269935274358297,-0.141329577694211,0.8118389394700674,-0.7978910416843319,1
User 778,0.4259283712711149,0.2718560563502816,-0.9938006488645184,0.0476216787522272,0
User 779,-0.4871074884670946,-1.164608550627284,-0.3089028739789853,-0.510001485837021,0
User 780,-0.443451003898086,-0.6907634624895849,1.808053884758114,-0.943252756277568,1
User 781,0.696957810262087,0.372643410172344,-0.7447469125425064,0.6900732426915559,0
User 782,0.008405753590947,0.4649136129781127,-0.0598491376569747,0.4824233835118922,0
User 783,-0.0758452674339891,-0.216057891598857,0.4382583349870493,-0.4782838257085033,1
User 784,-0.5645447506079051,-0.7776269803194354,1.1854195439530857,-0.8999952077682514,1
User 785,-0.3748289708589488,-0.618281694454541,0.9363658076310734,-0.5533271660210555,1
User 786,0.5716366993685552,0.7065927799827859,-0.7447469125425064,0.7892072720868786,2
User 787,0.3484843151429604,0.1171160810236322,-0.8070103466230094,0.6024109700023142,0
User 788,-0.3597561275986515,0.0118407562902154,0.5627852031480554,-0.3479035265078907,1
User 789,-0.0494158059501317,-0.5112977023913433,1.683527016597108,-0.5112849248570646,1
User 790,0.5870104513029701,0.3904034127944308,-0.8070103466230094,0.2586449332689974,0
User 791,0.1102540926708081,0.4318497090789104,1.2476829780335883,0.4033308625148532,0
User 792,0.6354544580450574,0.61240177042543,-1.1805909511060275,1.2206355815094363,2
User 793,0.769169501491686,1.0666913725710576,-0.9315372147840154,0.4553625577405248,2
User 794,0.1584546573209445,0.3174011852236916,-0.2466394398984823,-0.5504251610071762,1
User 795,0.0659797436825321,-0.505990084566882,0.0024142964235282,-0.2752908008859901,0
User 796,1.6527298538593471,0.9042016596613562,-0.9938006488645184,0.7414291525698469,0
User 797,-0.2465094893049365,-0.2102532310744955,-0.5579566103009974,-0.6917376949159252,1
User 798,-1.0682960674689284,-0.4813025752212868,1.2476829780335883,-0.4782838257085033,1
User 799,0.229484294670779,0.2465044916119547,-0.4956931762204943,0.6473552161801842,0
User 800,0.3855534666908231,0.8318963395685587,-1.4296446874280395,1.192359448392743,2
User 801,-0.6125723090088848,-0.4639345503159733,2.243897923321635,-0.4333395795306335,1
User 802,0.2902288893331354,-0.3597977838432127,0.9363658076310734,0.292117422740786,0
User 803,0.7826508200534056,-0.5272690729464236,-0.4956931762204943,0.6156375560516666,0
User 804,-0.2939698218045001,-1.1392195639342688,-0.4334297421399913,0.010168140270669,0
User 805,0.0783975827606399,0.6550605448110985,-0.5579566103009974,0.2252405754719263,0
User 806,0.8609605887367839,1.2154379883198467,-1.0560640829450214,1.094912116665974,2
User 807,0.0396044061025738,-0.6990858930881978,-0.3089028739789853,-0.4056029684118855,0
User 808,0.1568146352800945,0.0809017522479531,-0.9315372147840154,0.6750918272989325,0
User 809,0.0597978794415257,0.9627387588148296,-1.3051178192670334,0.5476135331121987,2
User 810,0.1693056839949802,0.4990463991214682,-0.9315372147840154,0.4519210307287004,2
User 811,0.4070980909648926,-0.2379729721983684,-0.0598491376569747,-0.3709833032694886,0
User 812,1.2826839682661764,0.3159922797622057,1.1854195439530857,0.3677002850512835,0
User 813,0.7721574289293185,1.7209754497849277,0.9986292417115764,-0.0666300293851539,1
User 814,0.3632192888856078,-0.5499298806185094,0.5627852031480554,-0.3555304975536376,0
User 815,0.7065441986866479,1.5625029448493375,-1.1805909511060275,0.9184403956168832,2
User 816,0.0758108674313748,0.2842250860579597,0.6873120713090614,0.3683079387239462,0
User 817,0.3157251975761528,0.3845847706836887,-1.3051178192670334,1.1785252086707283,2
User 818,-0.1268354412357221,-0.0557836029486758,-1.4919081215085424,0.2541243622612825,0
User 819,0.630762035275145,0.1281518555854857,-1.4296446874280395,1.162396617607497,2
User 820,-0.5178676902551633,0.2569084648428916,-1.4919081215085424,0.9974647849392044,2
User 821,0.2312695393819819,0.3848177194623418,-0.5579566103009974,0.2310445854996848,0
User 822,0.064239406495107,0.6213023173803912,0.8118389394700674,0.071309109186488,0
User 823,-0.4741256155400853,-0.3895217103411317,1.1854195439530857,-0.6530688490890411,1
User 824,0.6091214276103651,0.2775765083133875,-0.5579566103009974,0.6093621557006808,0
User 825,-0.4779785283579085,-0.4633835436610793,-1.5541715555890454,0.7774685200817225,2
User 826,-0.8030485287648146,0.4111339784655152,-0.9315372147840154,0.3793083051068,2
User 827,-0.3216221102659246,0.3468173425660926,-0.4334297421399913,0.5787916712427711,0
User 828,-0.6659104280986771,0.47832125679117,1.3099464121140914,-0.3503341411985422,1
User 829,-0.3418173525999901,0.1109202962538055,-1.2428543851865304,0.9328822890115612,2
User 830,0.4864748372834084,-0.1364679015415172,-1.1805909511060275,2.86814200997396,2
User 831,-0.1776179749093552,0.2107560839260938,-0.1843760058179793,0.0689466261705541,0
User 832,-0.4964890970146313,0.9873326243497544,0.3137314668260433,-0.5625045713859205,1
User 833,-0.6663358290672592,-0.9468252327603728,1.559000148436102,-1.0297678532962014,1
User 834,-0.9416035270033511,0.1590057350334424,0.2514680327455403,-0.6490878000792715,1
User 835,0.0827325395586055,0.3399132526783799,-1.2428543851865304,0.9864644185563513,2
User 836,0.5760572802512461,0.10893696730163,-0.4334297421399913,0.7551952606171443,0
User 837,0.2264562042507981,-0.0464208277695549,-0.0598491376569747,0.5188660096722779,0
User 838,-0.2154971989822104,-0.178169709969137,-1.0560640829450214,1.0659657296016962,2
User 839,-0.3146222162751417,-0.524616567773667,0.5005217690675523,-0.5077071344958048,1
User 840,-0.1095940976756949,-0.6288421126771615,-0.2466394398984823,-0.2788004595725323,0
User 841,0.0336489849650367,0.0173525062492598,0.6873120713090614,-0.3959541727237927,1
User 842,-0.4416225676289894,-0.3948884129484366,1.3099464121140914,-0.0712868637423041,0
User 843,-0.1983960028028232,-0.1649082224270404,0.0024142964235282,0.2672828166359172,0
User 844,-0.8539201056579421,-0.3565585805360025,0.6873120713090614,-0.8676698939670708,1
User 845,-0.6827205725305524,-0.2591546239015817,0.4382583349870493,-0.8169216377614426,1
User 846,0.4508350430054589,0.3644408796145462,-0.9938006488645184,0.278283183018771,0
User 847,-0.7350251639643278,-0.5703666822529686,1.1854195439530857,-0.7684677328970304,1
User 848,-0.2008257590065436,-0.2013806472922966,1.2476829780335883,-0.0168926855006985,0
User 849,-0.8724695786839891,0.7800826150040105,1.994844186999623,0.3964478084912043,0
User 850,-1.075166925260943,-0.3486646726050311,1.683527016597108,-0.6814812455551696,1
User 851,0.0494291926745965,0.1147236343309823,-0.8070103466230094,-0.6150076569348198,1
User 852,0.5972578700880009,0.6024280268047516,-0.4334297421399913,0.3042649647942481,0
User 853,0.3302069048996215,0.9293108403716154,-0.4334297421399913,-0.199707938575493,2
User 854,0.5710935201619017,-0.2972306511134919,-0.4334297421399913,0.531553073723685,0
User 855,0.6178401749403074,0.6191459779037142,0.1892045986650373,0.1647072602287702,0
User 856,-0.0200963510135878,-0.4503784452659434,1.434473280275096,-0.6318120333454317,1
User 857,0.5710935201619017,-0.2972306511134919,-0.4334297421399913,0.531553073723685,0
User 858,0.2500046027688695,1.4000514838331206,-0.1843760058179793,0.6496495675214006,2
User 859,0.2768237033828825,-0.2978416195550499,-0.1843760058179793,-0.3525603608650407,0
User 860,0.0379098017212788,0.7478052504847921,-1.1805909511060275,1.1041576537055569,2
User 861,0.3845629393306923,0.2302142097093256,-0.1843760058179793,0.6370306351447113,0
User 862,0.3055970848373065,-0.2521280500266167,0.2514680327455403,-0.4344867552012416,0
User 863,0.308619510057922,0.7184202147524729,-0.6824834784620034,1.0171030346889782,2
User 864,-0.0746600644972321,0.4011134247057573,1.1854195439530857,-0.7442407804648244,1
User 865,-0.4110182815203719,0.6040159406224084,1.496736714355599,-0.529168345263567,1
User 866,-0.3306779889373663,-0.4113011788383181,0.7495755053895643,-0.7644185522125432,1
User 867,0.0750373299121479,0.0437087476210465,0.0646777305040312,0.5094842092832599,0
User 868,1.4862590098120336,-0.8959048195015514,-0.4334297421399913,-0.6865413385608297,0
User 869,-0.5960812197462791,-0.3421959566879382,0.3137314668260433,-0.7551730151729605,1
User 870,0.8352019462376188,-0.473636192728182,-0.6824834784620034,0.0274439070045086,0
User 871,0.4607835243843305,0.0385273066494954,-0.4334297421399913,-0.2862230355941263,0
User 872,-0.722464776711052,-0.6223742502313767,1.683527016597108,-0.5475231559932972,1
User 873,0.4253723821571967,-0.1185697028706688,0.6873120713090614,0.1663258262226059,0
User 874,-0.1033484195562347,-0.3703442204794527,-0.2466394398984823,0.0927021882795327,0
User 875,-0.2488215136353709,-0.1541973570444056,0.2514680327455403,-0.8088232763924679,1
User 876,-0.1164130476224497,-0.4262636289359091,-1.2428543851865304,0.0788679485575175,0
User 877,0.2200583936150033,0.6894645551591035,0.4382583349870493,0.0972227592872475,0
User 878,-0.1894921412998835,-0.5822846259285176,1.93258075291912,-0.906946393466618,1
User 879,-0.3809429142937993,-0.8534330372267656,1.434473280275096,-0.7044247589673323,1
User 880,0.4263970826530384,-0.3103688011970281,0.7495755053895643,0.0620635721469055,0
User 881,-0.216493489649049,-0.1019733822876499,-0.4334297421399913,-0.6219588426331862,1
User 882,-1.3474340538041392,-0.0783096519897448,1.2476829780335883,-0.8088232763924679,1
User 883,0.1652163615810064,0.8868561745880182,-0.4956931762204943,-0.2851439915982358,2
User 884,-0.2537735458155715,0.4148345565255773,-1.2428543851865304,0.9750607935249872,2
User 885,0.4711225315697772,0.0181139218508319,-0.5579566103009974,-0.2597698634954217,0
User 886,0.426444996611765,0.6685766910250274,-0.7447469125425064,1.1036181317076117,2
User 887,-0.5401813434220778,0.0021773657714914,0.6873120713090614,-0.4419774628975532,1
User 888,-0.9049171865738987,0.2293677085426778,0.9986292417115764,-0.3416962578316225,1
User 889,0.4619176761462995,0.592657561847348,-1.0560640829450214,0.947528577430392,2
User 890,-1.1552939722416664,-0.1519516646461119,0.0646777305040312,-0.6224983646311315,1
User 891,-0.0407270103620395,0.0046203390013903,-0.1843760058179793,0.071916762859151,0
User 892,-0.1044904790642436,-0.1383590146452139,-0.7447469125425064,-0.5140506665215084,0
User 893,0.6612058980453484,0.6849660400791132,-1.4919081215085424,1.160641788264226,2
User 894,-0.6593460213920123,0.0441972085428401,-1.0560640829450214,-0.497314421785614,1
User 895,-0.6232116722572586,0.7082414855259027,-0.1843760058179793,-0.5792408161218148,1
User 896,-0.4695648960238024,0.0336647770254934,0.7495755053895643,-0.3202350470638602,1
User 897,1.3002517728099954,-0.4652138415068039,-1.0560640829450214,0.73299566422708,0
User 898,0.1229862291862286,0.3712182181584655,1.683527016597108,-0.4997450364762656,1
User 899,-0.6070449405359037,-0.7673960176129997,1.2476829780335883,-0.4934015044505621,1
User 900,-0.8672944015428119,-0.2567490490938592,0.2514680327455403,-0.0896416744720342,0
User 901,-0.165550962034965,0.5967955233335833,1.994844186999623,-0.019930953864013,1
User 902,0.1124421760644253,0.5221357294611955,-1.3051178192670334,0.8602014317149431,2
User 903,1.064947643158949,0.2701353933571615,-1.0560640829450214,1.102743482735874,2
User 904,-0.1684877941442215,0.8018603530260684,-1.0560640829450214,1.985579009704352,2
User 905,-0.3739505526048373,-0.4633592733539755,1.683527016597108,-0.1082008802259172,1
User 906,1.021787716102813,-0.1938498769015169,-0.9315372147840154,0.170982660579756,0
User 907,-0.5537668884067906,-0.0728587172886723,1.0608926757920794,-0.3496583558511617,1
User 908,0.6612058980453484,0.6849660400791132,-1.4919081215085424,1.160641788264226,2
User 909,0.466326131014516,-0.1733905354350823,0.0646777305040312,-0.040040593937014,0
User 910,-0.6132008208483103,0.2165615979217635,0.4382583349870493,-0.2892613039574406,1
User 911,-0.8237753507964347,0.0775314831753842,-0.0598491376569747,-0.5140506665215084,1
User 912,0.4120966834019351,0.2084564275728061,0.0646777305040312,-0.0429425989508932,0
User 913,-0.1417607113286098,-0.2864581170015772,1.93258075291912,-0.8925045000719398,1
User 914,-0.2519480616129274,0.3224669935109684,-0.4334297421399913,0.6497858308708359,0
User 915,-0.1114530746288971,-0.5978440393487734,0.5005217690675523,0.5017265062878736,0
User 916,0.1450217032891016,1.0032654875634373,1.93258075291912,3.151301068389607,2
User 917,0.0360506842286351,0.0634346601911829,-1.3051178192670334,0.8695832321039612,2
User 918,0.2660323017928174,-0.2893227615961397,-0.0598491376569747,-0.3463530921887725,0
User 919,-0.8004692770936739,-0.4490460435914269,1.745790450677611,-0.9409584049363516,1
User 920,-0.983383438280712,-0.0004768698763933,0.0024142964235282,-0.3802969719837889,1
User 921,0.7439523645796666,0.5739017668828444,-0.2466394398984823,0.5644179095228108,0
User 922,-0.4360124205369615,-0.690527929764495,0.9986292417115764,-0.9022895591094676,1
User 923,0.0429545837749851,-0.4705831280605457,-0.1843760058179793,-0.1028682605213865,0
User 924,-0.1109586540721611,0.3239983829597065,0.4382583349870493,0.2892835494016247,0
User 925,0.4248022509791983,0.6221191248991482,-1.4296446874280395,0.9541391047551704,2
User 926,0.2914051033970863,0.6687131565986605,-1.1805909511060275,1.2409496166065908,2
User 927,0.3852056111333157,0.9307003409059336,-1.4296446874280395,0.3953687644953138,2
User 928,-0.6574773195582023,-0.7679096258457174,-0.3089028739789853,-0.5942222315144381,1
User 929,-0.107627234349612,-0.5103538645483677,-1.2428543851865304,-0.4044557927412773,0
User 930,0.0076098606620395,0.080501192753073,0.3137314668260433,-0.4788914793811663,1
User 931,0.1815242188452014,-0.2674076809966283,1.1854195439530857,-0.1496354677172452,1
User 932,1.0083844991567172,0.46619548811538,-0.9315372147840154,1.234469821231452,2
User 933,-0.3833500915131981,-0.2920951903422237,1.496736714355599,-0.2148937489922693,1
User 934,-0.2305582254838639,0.0306576690256277,-0.2466394398984823,-0.6248608476470654,1
User 935,-0.7208873064280179,-0.3630698392356334,0.6873120713090614,-0.5267377305729155,1
User 936,-0.7409496424323236,-0.3235469101166655,0.0024142964235282,0.1329214684255348,0
User 937,0.0483693921457129,0.1046768243410792,-0.0598491376569747,-0.0965928601704007,0
User 938,0.4808464130427001,0.2185900300704015,-0.9315372147840154,0.0632107478175136,0
User 939,0.4734259986891824,0.1300960556403562,-1.1805909511060275,0.1162533553643581,0
User 940,0.5344806631556182,-0.4913493852111898,-1.0560640829450214,-0.1208198126026067,0
User 941,0.7079921252378354,0.3376267244401646,-1.0560640829450214,0.2234857461286554,0
User 942,-0.414944414147033,0.0896369934526988,0.0646777305040312,-0.1547636923976229,0
User 943,0.4061297723213742,0.7524704992771888,-1.0560640829450214,0.6138827267083955,2
User 944,-0.3413778021270147,-0.0982328453914864,0.7495755053895643,-0.6023205928834128,1
User 945,0.4410901848877546,0.589120582594884,0.7495755053895643,-0.3577567172201361,1
User 946,-0.0235022687051638,-0.6835099141351244,-0.2466394398984823,-0.5665537520704078,0
User 947,-0.3347824327785831,-0.0135542047019574,1.808053884758114,-0.7131989056836873,1
User 948,-0.7117392605859523,-0.1119071435397154,-0.8070103466230094,-0.4234863888183879,1
User 949,0.4322913456265261,0.5139488874323954,-0.0598491376569747,-0.6011734172128045,1
User 950,0.1088807708904319,0.4561226773432447,-1.2428543851865304,1.004620365661724,2
User 951,-0.6750276103737034,-0.4330104203606299,0.4382583349870493,-0.7657019912325866,1
User 952,0.1841548763872341,0.4673922776875713,-1.0560640829450214,0.9472560507315216,2
User 953,0.2281287209077571,0.6669245245316535,-0.8070103466230094,0.2056704573968706,2
User 954,0.3138674034075444,-0.376578257142764,-0.9315372147840154,1.2105153954981165,2
User 955,-0.2517803843724204,-0.1263211473963373,-0.9938006488645184,1.492600941317669,2
User 956,-0.0549980640540389,0.0829293309252831,-1.4296446874280395,0.9756003155229328,2
User 957,0.4233645901217268,0.4189670711385147,-0.8070103466230094,0.2679586019832977,0
User 958,-0.5022990417628895,-0.786258887016183,1.93258075291912,-0.5683767130883963,1
User 959,-0.5210599195003632,-0.0938682119386926,0.2514680327455403,-0.6894433435747088,1
User 960,0.8180505007603351,-0.2820118354014522,-0.4334297421399913,-0.283321030580247,0
User 961,0.0071356585588364,0.4370217148010468,-1.3051178192670334,0.732791269202927,2
User 962,0.3469449155391892,-0.2713654781424476,0.2514680327455403,-0.1640773611119233,0
User 963,-0.613431257295989,0.2644523398162322,1.2476829780335883,-0.6917376949159252,1
User 964,0.3297206563095173,0.2593888364949669,-1.2428543851865304,1.226439591537195,2
User 965,0.7536435516713094,-0.0960331096609636,0.0024142964235282,-0.2135421782975082,0
User 966,0.6025648795960585,-0.4075249504625947,1.496736714355599,-0.7759584405933422,1
User 967,0.3606321731969304,0.9115377096344556,-1.3051178192670334,0.274773524332229,2
User 968,-0.2861494395641598,-0.0698898611822915,-0.6824834784620034,-0.2233953690097537,0
User 969,-0.2315574567909538,-0.6517601394350042,0.7807072224298152,-0.1500387263657552,0
User 970,-1.077720652407428,-0.3090346925798952,-0.8070103466230094,-0.2504561947811213,0
User 971,-0.4045546579959959,0.0970104418479746,-0.5579566103009974,-0.6023205928834128,1
User 972,0.2574774383682169,0.3666928488249347,-0.8070103466230094,-0.5226885498884281,1
User 973,-0.3163907888134726,-0.0814983287597062,-0.8070103466230094,1.4178982593787048,2
User 974,-0.2164600760009934,0.0484262298933092,-0.6824834784620034,-0.616154832605428,1
User 975,0.673528555110174,1.2758436372125297,-0.9938006488645184,0.444362191357671,2
User 976,-0.6526478207546339,-0.993834659012454,1.2476829780335883,-0.4569588782901765,1
User 977,-0.0046681862309957,-0.4663915051322529,0.0024142964235282,-0.2050405582800236,0
User 978,-0.3480840854564756,-0.3777784841327003,0.6873120713090614,-0.4010823974041705,1
User 979,-0.6183436454530976,-1.588338890832888,-1.0560640829450214,-0.7436331267921616,0
User 980,0.4242469722564026,-0.7131895673753771,-1.2428543851865304,0.033787439030212,0
